#
# There is insufficient memory for the Java Runtime Environment to continue.
# Native memory allocation (mmap) failed to map 694157312 bytes for G1 virtual space
# Possible reasons:
#   The system is out of physical RAM or swap space
#   The process is running with CompressedOops enabled, and the Java Heap may be blocking the growth of the native heap
# Possible solutions:
#   Reduce memory load on the system
#   Increase physical memory or swap space
#   Check if swap backing store is full
#   Decrease Java heap size (-Xmx/-Xms)
#   Decrease number of Java threads
#   Decrease Java thread stack sizes (-Xss)
#   Set larger code cache with -XX:ReservedCodeCacheSize=
#   JVM is running with Zero Based Compressed Oops mode in which the Java heap is
#     placed in the first 32GB address space. The Java Heap base address is the
#     maximum limit for the native heap growth. Please use -XX:HeapBaseMinAddress
#     to set the Java Heap base and to place the Java Heap above 32GB virtual address.
# This output file may be truncated or incomplete.
#
#  Out of Memory Error (os_windows.cpp:3550), pid=16748, tid=7052
#
# JRE version: Java(TM) SE Runtime Environment (17.0.7+8) (build 17.0.7+8-LTS-224)
# Java VM: Java HotSpot(TM) 64-Bit Server VM (17.0.7+8-LTS-224, mixed mode, sharing, tiered, compressed oops, compressed class ptrs, g1 gc, windows-amd64)
# No core dump will be written. Minidumps are not enabled by default on client versions of Windows
#

---------------  S U M M A R Y ------------

Command Line: --add-opens=java.base/java.util=ALL-UNNAMED --add-opens=java.base/java.lang=ALL-UNNAMED --add-opens=java.base/java.lang.invoke=ALL-UNNAMED --add-opens=java.prefs/java.util.prefs=ALL-UNNAMED --add-opens=java.base/java.nio.charset=ALL-UNNAMED --add-opens=java.base/java.net=ALL-UNNAMED --add-opens=java.base/java.util.concurrent.atomic=ALL-UNNAMED -Xmx3G -Dfile.encoding=UTF-8 -Duser.country=US -Duser.language=en -Duser.variant -javaagent:C:\Users\Admin\.gradle\wrapper\dists\gradle-8.8-bin\dl7vupf4psengwqhwktix4v1\gradle-8.8\lib\agents\gradle-instrumentation-agent-8.8.jar org.gradle.launcher.daemon.bootstrap.GradleDaemon 8.8

Host: AMD Ryzen 5 5600G with Radeon Graphics         , 12 cores, 15G,  Windows 11 , 64 bit Build 22621 (10.0.22621.3958)
Time: Fri Apr  4 08:07:38 2025 Eastern Daylight Time elapsed time: 23.767441 seconds (0d 0h 0m 23s)

---------------  T H R E A D  ---------------

Current thread (0x00000126a72feea0):  VMThread "VM Thread" [stack: 0x0000000bded00000,0x0000000bdee00000] [id=7052]

Stack: [0x0000000bded00000,0x0000000bdee00000]
Native frames: (J=compiled Java code, j=interpreted, Vv=VM code, C=native code)
V  [jvm.dll+0x676a4a]
V  [jvm.dll+0x7d74f4]
V  [jvm.dll+0x7d8c9e]
V  [jvm.dll+0x7d9303]
V  [jvm.dll+0x2452c5]
V  [jvm.dll+0x6738f9]
V  [jvm.dll+0x668232]
V  [jvm.dll+0x302826]
V  [jvm.dll+0x309da6]
V  [jvm.dll+0x35952e]
V  [jvm.dll+0x35975f]
V  [jvm.dll+0x2d9a38]
V  [jvm.dll+0x2d7e45]
V  [jvm.dll+0x2d744c]
V  [jvm.dll+0x31ab1b]
V  [jvm.dll+0x7ddb0b]
V  [jvm.dll+0x7de844]
V  [jvm.dll+0x7ded5d]
V  [jvm.dll+0x7df134]
V  [jvm.dll+0x7df200]
V  [jvm.dll+0x78759a]
V  [jvm.dll+0x675875]
C  [ucrtbase.dll+0x29333]
C  [KERNEL32.DLL+0x1257d]
C  [ntdll.dll+0x5af08]

VM_Operation (0x0000000be57f7db0): G1CollectForAllocation, mode: safepoint, requested by thread 0x00000126abe609c0


---------------  P R O C E S S  ---------------

Threads class SMR info:
_java_thread_list=0x00000126b2e72ab0, length=124, elements={
0x00000126866c1780, 0x00000126a7303630, 0x00000126a73054b0, 0x00000126a731e2b0,
0x00000126a731fb80, 0x00000126a7320530, 0x00000126a7320ee0, 0x00000126a7322480,
0x00000126a7d2a040, 0x00000126a7d58e00, 0x00000126a72eb120, 0x00000126a7eeb4d0,
0x00000126a8fba8f0, 0x00000126a9a9fa90, 0x00000126a9af5400, 0x00000126a9a1f9c0,
0x00000126a8d11bc0, 0x00000126aa2fbeb0, 0x00000126aa2f7680, 0x00000126aa2f8e90,
0x00000126aa2f71b0, 0x00000126aa2f59a0, 0x00000126aa2f9360, 0x00000126aa2f7b50,
0x00000126aa2f54d0, 0x00000126aa2f9d00, 0x00000126aa2fb9e0, 0x00000126aa2fb510,
0x00000126aa2f9830, 0x00000126aa2f5e70, 0x00000126aa2fa1d0, 0x00000126aa2f6ce0,
0x00000126aa2f89c0, 0x00000126aa2f6340, 0x00000126aa2fa6a0, 0x00000126ad5610e0,
0x00000126ad55e0c0, 0x00000126afccf430, 0x00000126affe3ab0, 0x00000126affe1900,
0x00000126affe1dd0, 0x00000126affe22a0, 0x00000126affe2770, 0x00000126affe2c40,
0x00000126affe4450, 0x00000126affe3f80, 0x00000126affe4920, 0x00000126affe4df0,
0x00000126affe35e0, 0x00000126b1751440, 0x00000126b1755c70, 0x00000126b17552d0,
0x00000126b1750100, 0x00000126b1753ac0, 0x00000126b174edc0, 0x00000126b1754460,
0x00000126b17505d0, 0x00000126b1751910, 0x00000126b1754930, 0x00000126b1753f90,
0x00000126b174f290, 0x00000126b1754e00, 0x00000126b1751de0, 0x00000126b17535f0,
0x00000126b17522b0, 0x00000126b1753120, 0x00000126b1752780, 0x00000126b1752c50,
0x00000126b174fc30, 0x00000126aa495ed0, 0x00000126aa496d40, 0x00000126aa498550,
0x00000126aa492040, 0x00000126aa493850, 0x00000126aa498a20, 0x00000126aa4976e0,
0x00000126aa497210, 0x00000126aa498080, 0x00000126aa4911d0, 0x00000126aa4916a0,
0x00000126aa495060, 0x00000126aa492510, 0x00000126aa493d20, 0x00000126aa491b70,
0x00000126aa4929e0, 0x00000126aa495530, 0x00000126aa494b90, 0x00000126aa492eb0,
0x00000126aa493380, 0x00000126aa4941f0, 0x00000126aa495a00, 0x00000126abe5b320,
0x00000126abe5d4d0, 0x00000126abe5a980, 0x00000126abe5f680, 0x00000126abe61360,
0x00000126abe5d9a0, 0x00000126abe5ae50, 0x00000126abe5de70, 0x00000126abe60020,
0x00000126abe604f0, 0x00000126abe5e340, 0x00000126abe5c190, 0x00000126abe5d000,
0x00000126abe5e810, 0x00000126abe5fb50, 0x00000126abe5f1b0, 0x00000126abe61830,
0x00000126abe59fe0, 0x00000126abe609c0, 0x00000126abe5c660, 0x00000126abe5a4b0,
0x00000126abe5bcc0, 0x00000126abe5cb30, 0x00000126afcd4130, 0x00000126afcd5e10,
0x00000126afcd62e0, 0x00000126afcd6c80, 0x00000126afcd4fa0, 0x00000126afccf900,
0x00000126afcd32c0, 0x00000126afcd0c40, 0x00000126acba7170, 0x00000126acba8ac0
}

Java Threads: ( => current thread )
  0x00000126866c1780 JavaThread "main" [_thread_blocked, id=15228, stack(0x0000000bde700000,0x0000000bde800000)]
  0x00000126a7303630 JavaThread "Reference Handler" daemon [_thread_blocked, id=21228, stack(0x0000000bdee00000,0x0000000bdef00000)]
  0x00000126a73054b0 JavaThread "Finalizer" daemon [_thread_blocked, id=16364, stack(0x0000000bdef00000,0x0000000bdf000000)]
  0x00000126a731e2b0 JavaThread "Signal Dispatcher" daemon [_thread_blocked, id=15780, stack(0x0000000bdf000000,0x0000000bdf100000)]
  0x00000126a731fb80 JavaThread "Attach Listener" daemon [_thread_blocked, id=15684, stack(0x0000000bdf100000,0x0000000bdf200000)]
  0x00000126a7320530 JavaThread "Service Thread" daemon [_thread_blocked, id=13132, stack(0x0000000bdf200000,0x0000000bdf300000)]
  0x00000126a7320ee0 JavaThread "Monitor Deflation Thread" daemon [_thread_blocked, id=23388, stack(0x0000000bdf300000,0x0000000bdf400000)]
  0x00000126a7322480 JavaThread "C2 CompilerThread0" daemon [_thread_in_native, id=15272, stack(0x0000000bdf400000,0x0000000bdf500000)]
  0x00000126a7d2a040 JavaThread "C1 CompilerThread0" daemon [_thread_blocked, id=21444, stack(0x0000000bdf500000,0x0000000bdf600000)]
  0x00000126a7d58e00 JavaThread "Sweeper thread" daemon [_thread_blocked, id=22752, stack(0x0000000bdf600000,0x0000000bdf700000)]
  0x00000126a72eb120 JavaThread "Common-Cleaner" daemon [_thread_blocked, id=7792, stack(0x0000000bdf700000,0x0000000bdf800000)]
  0x00000126a7eeb4d0 JavaThread "Notification Thread" daemon [_thread_blocked, id=10652, stack(0x0000000bdf800000,0x0000000bdf900000)]
  0x00000126a8fba8f0 JavaThread "Daemon health stats" [_thread_blocked, id=3148, stack(0x0000000bdfb00000,0x0000000bdfc00000)]
  0x00000126a9a9fa90 JavaThread "Incoming local TCP Connector on port 53948" [_thread_in_native, id=19468, stack(0x0000000be0000000,0x0000000be0100000)]
  0x00000126a9af5400 JavaThread "Daemon periodic checks" [_thread_blocked, id=15472, stack(0x0000000be0100000,0x0000000be0200000)]
  0x00000126a9a1f9c0 JavaThread "Daemon" [_thread_blocked, id=13688, stack(0x0000000be0200000,0x0000000be0300000)]
  0x00000126a8d11bc0 JavaThread "Daemon worker" [_thread_blocked, id=10204, stack(0x0000000be0500000,0x0000000be0600000)]
  0x00000126aa2fbeb0 JavaThread "Cache worker for journal cache (C:\Users\Admin\.gradle\caches\journal-1)" [_thread_blocked, id=18184, stack(0x0000000bdfa00000,0x0000000bdfb00000)]
  0x00000126aa2f7680 JavaThread "File lock request listener" [_thread_in_native, id=9048, stack(0x0000000be0900000,0x0000000be0a00000)]
  0x00000126aa2f8e90 JavaThread "Cache worker for file hash cache (C:\Users\Admin\.gradle\caches\8.8\fileHashes)" [_thread_blocked, id=1524, stack(0x0000000be0b00000,0x0000000be0c00000)]
  0x00000126aa2f71b0 JavaThread "File watcher server" daemon [_thread_blocked, id=15876, stack(0x0000000be0a00000,0x0000000be0b00000)]
  0x00000126aa2f59a0 JavaThread "File watcher consumer" daemon [_thread_blocked, id=22628, stack(0x0000000be1200000,0x0000000be1300000)]
  0x00000126aa2f9360 JavaThread "jar transforms" [_thread_blocked, id=21324, stack(0x0000000be1700000,0x0000000be1800000)]
  0x00000126aa2f7b50 JavaThread "jar transforms Thread 2" [_thread_blocked, id=8652, stack(0x0000000be1800000,0x0000000be1900000)]
  0x00000126aa2f54d0 JavaThread "jar transforms Thread 3" [_thread_blocked, id=9076, stack(0x0000000be1900000,0x0000000be1a00000)]
  0x00000126aa2f9d00 JavaThread "jar transforms Thread 4" [_thread_blocked, id=18980, stack(0x0000000be1a00000,0x0000000be1b00000)]
  0x00000126aa2fb9e0 JavaThread "jar transforms Thread 5" [_thread_blocked, id=17928, stack(0x0000000be1b00000,0x0000000be1c00000)]
  0x00000126aa2fb510 JavaThread "jar transforms Thread 6" [_thread_blocked, id=11356, stack(0x0000000be1c00000,0x0000000be1d00000)]
  0x00000126aa2f9830 JavaThread "jar transforms Thread 7" [_thread_blocked, id=3568, stack(0x0000000be1d00000,0x0000000be1e00000)]
  0x00000126aa2f5e70 JavaThread "jar transforms Thread 8" [_thread_blocked, id=5208, stack(0x0000000be1e00000,0x0000000be1f00000)]
  0x00000126aa2fa1d0 JavaThread "jar transforms Thread 9" [_thread_blocked, id=5724, stack(0x0000000be1f00000,0x0000000be2000000)]
  0x00000126aa2f6ce0 JavaThread "jar transforms Thread 10" [_thread_blocked, id=1732, stack(0x0000000be2000000,0x0000000be2100000)]
  0x00000126aa2f89c0 JavaThread "jar transforms Thread 11" [_thread_blocked, id=15144, stack(0x0000000be2100000,0x0000000be2200000)]
  0x00000126aa2f6340 JavaThread "jar transforms Thread 12" [_thread_blocked, id=18524, stack(0x0000000be2200000,0x0000000be2300000)]
  0x00000126aa2fa6a0 JavaThread "Cache worker for file content cache (C:\Users\Admin\.gradle\caches\8.8\fileContent)" [_thread_blocked, id=22480, stack(0x0000000be1600000,0x0000000be1700000)]
  0x00000126ad5610e0 JavaThread "Keep-Alive-Timer" daemon [_thread_blocked, id=10168, stack(0x0000000be6100000,0x0000000be6200000)]
  0x00000126ad55e0c0 JavaThread "Memory manager" [_thread_blocked, id=2412, stack(0x0000000be6200000,0x0000000be6300000)]
  0x00000126afccf430 JavaThread "included builds" [_thread_blocked, id=19132, stack(0x0000000be2500000,0x0000000be2600000)]
  0x00000126affe3ab0 JavaThread "ForkJoinPool.commonPool-worker-1" daemon [_thread_blocked, id=17716, stack(0x0000000be8300000,0x0000000be8400000)]
  0x00000126affe1900 JavaThread "ForkJoinPool.commonPool-worker-2" daemon [_thread_blocked, id=21736, stack(0x0000000be8400000,0x0000000be8500000)]
  0x00000126affe1dd0 JavaThread "ForkJoinPool.commonPool-worker-3" daemon [_thread_blocked, id=5336, stack(0x0000000be8500000,0x0000000be8600000)]
  0x00000126affe22a0 JavaThread "ForkJoinPool.commonPool-worker-4" daemon [_thread_blocked, id=11492, stack(0x0000000be8600000,0x0000000be8700000)]
  0x00000126affe2770 JavaThread "ForkJoinPool.commonPool-worker-5" daemon [_thread_blocked, id=15308, stack(0x0000000be8700000,0x0000000be8800000)]
  0x00000126affe2c40 JavaThread "ForkJoinPool.commonPool-worker-6" daemon [_thread_blocked, id=14244, stack(0x0000000be8800000,0x0000000be8900000)]
  0x00000126affe4450 JavaThread "ForkJoinPool.commonPool-worker-7" daemon [_thread_blocked, id=14524, stack(0x0000000be8900000,0x0000000be8a00000)]
  0x00000126affe3f80 JavaThread "ForkJoinPool.commonPool-worker-8" daemon [_thread_blocked, id=21568, stack(0x0000000be8a00000,0x0000000be8b00000)]
  0x00000126affe4920 JavaThread "ForkJoinPool.commonPool-worker-9" daemon [_thread_blocked, id=10584, stack(0x0000000be8b00000,0x0000000be8c00000)]
  0x00000126affe4df0 JavaThread "Exec process" daemon [_thread_blocked, id=14812, stack(0x0000000be8c00000,0x0000000be8d00000)]
  0x00000126affe35e0 JavaThread "ForkJoinPool.commonPool-worker-10" daemon [_thread_blocked, id=8252, stack(0x0000000be8d00000,0x0000000be8e00000)]
  0x00000126b1751440 JavaThread "Exec process Thread 2" daemon [_thread_blocked, id=18552, stack(0x0000000be8e00000,0x0000000be8f00000)]
  0x00000126b1755c70 JavaThread "Exec process Thread 3" daemon [_thread_blocked, id=1256, stack(0x0000000be8f00000,0x0000000be9000000)]
  0x00000126b17552d0 JavaThread "ForkJoinPool.commonPool-worker-11" daemon [_thread_blocked, id=9608, stack(0x0000000be9000000,0x0000000be9100000)]
  0x00000126b1750100 JavaThread "VFS cleanup" [_thread_blocked, id=20716, stack(0x0000000be0600000,0x0000000be0700000)]
  0x00000126b1753ac0 JavaThread "Handler for socket connection from /127.0.0.1:53948 to /127.0.0.1:53957" [_thread_in_native, id=17652, stack(0x0000000be0300000,0x0000000be0400000)]
  0x00000126b174edc0 JavaThread "Cancel handler" [_thread_blocked, id=7804, stack(0x0000000be0400000,0x0000000be0500000)]
  0x00000126b1754460 JavaThread "Asynchronous log dispatcher for DefaultDaemonConnection: socket connection from /127.0.0.1:53948 to /127.0.0.1:53957" [_thread_blocked, id=15252, stack(0x0000000be0700000,0x0000000be0800000)]
  0x00000126b17505d0 JavaThread "Stdin handler" [_thread_blocked, id=8180, stack(0x0000000be0800000,0x0000000be0900000)]
  0x00000126b1751910 JavaThread "Daemon client event forwarder" [_thread_blocked, id=19904, stack(0x0000000be1100000,0x0000000be1200000)]
  0x00000126b1754930 JavaThread "Cache worker for file hash cache (C:\Users\Admin\IdeaProjects\BrewinCompatDelight\.gradle\8.8\fileHashes)" [_thread_blocked, id=6884, stack(0x0000000be1500000,0x0000000be1600000)]
  0x00000126b1753f90 JavaThread "Cache worker for checksums cache (C:\Users\Admin\IdeaProjects\BrewinCompatDelight\.gradle\8.8\checksums)" [_thread_blocked, id=12904, stack(0x0000000be2300000,0x0000000be2400000)]
  0x00000126b174f290 JavaThread "Cache worker for cache directory md-rule (C:\Users\Admin\.gradle\caches\8.8\md-rule)" [_thread_blocked, id=10100, stack(0x0000000be2400000,0x0000000be2500000)]
  0x00000126b1754e00 JavaThread "Cache worker for cache directory md-supplier (C:\Users\Admin\.gradle\caches\8.8\md-supplier)" [_thread_blocked, id=15456, stack(0x0000000be2600000,0x0000000be2700000)]
  0x00000126b1751de0 JavaThread "Unconstrained build operations" [_thread_blocked, id=4340, stack(0x0000000be2700000,0x0000000be2800000)]
  0x00000126b17535f0 JavaThread "Unconstrained build operations Thread 2" [_thread_blocked, id=20916, stack(0x0000000be2900000,0x0000000be2a00000)]
  0x00000126b17522b0 JavaThread "Unconstrained build operations Thread 3" [_thread_blocked, id=3680, stack(0x0000000be2a00000,0x0000000be2b00000)]
  0x00000126b1753120 JavaThread "Unconstrained build operations Thread 4" [_thread_blocked, id=408, stack(0x0000000be2b00000,0x0000000be2c00000)]
  0x00000126b1752780 JavaThread "Unconstrained build operations Thread 5" [_thread_blocked, id=5516, stack(0x0000000be2c00000,0x0000000be2d00000)]
  0x00000126b1752c50 JavaThread "Cache worker for Build Output Cleanup Cache (C:\Users\Admin\IdeaProjects\BrewinCompatDelight\.gradle\buildOutputCleanup)" [_thread_blocked, id=17040, stack(0x0000000be2d00000,0x0000000be2e00000)]
  0x00000126b174fc30 JavaThread "Unconstrained build operations Thread 6" [_thread_blocked, id=18112, stack(0x0000000be2e00000,0x0000000be2f00000)]
  0x00000126aa495ed0 JavaThread "Unconstrained build operations Thread 7" [_thread_blocked, id=16744, stack(0x0000000be2f00000,0x0000000be3000000)]
  0x00000126aa496d40 JavaThread "Unconstrained build operations Thread 8" [_thread_blocked, id=10152, stack(0x0000000be3000000,0x0000000be3100000)]
  0x00000126aa498550 JavaThread "Unconstrained build operations Thread 9" [_thread_blocked, id=12012, stack(0x0000000be3100000,0x0000000be3200000)]
  0x00000126aa492040 JavaThread "Unconstrained build operations Thread 10" [_thread_blocked, id=4652, stack(0x0000000be3200000,0x0000000be3300000)]
  0x00000126aa493850 JavaThread "Unconstrained build operations Thread 11" [_thread_blocked, id=4328, stack(0x0000000be3300000,0x0000000be3400000)]
  0x00000126aa498a20 JavaThread "Unconstrained build operations Thread 12" [_thread_blocked, id=21576, stack(0x0000000be3400000,0x0000000be3500000)]
  0x00000126aa4976e0 JavaThread "Unconstrained build operations Thread 13" [_thread_blocked, id=5332, stack(0x0000000be3500000,0x0000000be3600000)]
  0x00000126aa497210 JavaThread "Unconstrained build operations Thread 14" [_thread_blocked, id=6832, stack(0x0000000be3600000,0x0000000be3700000)]
  0x00000126aa498080 JavaThread "Unconstrained build operations Thread 15" [_thread_blocked, id=13264, stack(0x0000000be3700000,0x0000000be3800000)]
  0x00000126aa4911d0 JavaThread "Unconstrained build operations Thread 16" [_thread_blocked, id=21636, stack(0x0000000be3800000,0x0000000be3900000)]
  0x00000126aa4916a0 JavaThread "Unconstrained build operations Thread 17" [_thread_blocked, id=12788, stack(0x0000000be3900000,0x0000000be3a00000)]
  0x00000126aa495060 JavaThread "Unconstrained build operations Thread 18" [_thread_blocked, id=23096, stack(0x0000000be3a00000,0x0000000be3b00000)]
  0x00000126aa492510 JavaThread "Unconstrained build operations Thread 19" [_thread_blocked, id=11588, stack(0x0000000be3b00000,0x0000000be3c00000)]
  0x00000126aa493d20 JavaThread "Unconstrained build operations Thread 20" [_thread_blocked, id=17088, stack(0x0000000be3c00000,0x0000000be3d00000)]
  0x00000126aa491b70 JavaThread "Unconstrained build operations Thread 21" [_thread_blocked, id=17004, stack(0x0000000be3d00000,0x0000000be3e00000)]
  0x00000126aa4929e0 JavaThread "Unconstrained build operations Thread 22" [_thread_blocked, id=17872, stack(0x0000000be3e00000,0x0000000be3f00000)]
  0x00000126aa495530 JavaThread "Unconstrained build operations Thread 23" [_thread_blocked, id=15176, stack(0x0000000be3f00000,0x0000000be4000000)]
  0x00000126aa494b90 JavaThread "Unconstrained build operations Thread 24" [_thread_blocked, id=2528, stack(0x0000000be4000000,0x0000000be4100000)]
  0x00000126aa492eb0 JavaThread "Unconstrained build operations Thread 25" [_thread_blocked, id=20320, stack(0x0000000be4100000,0x0000000be4200000)]
  0x00000126aa493380 JavaThread "Unconstrained build operations Thread 26" [_thread_blocked, id=16300, stack(0x0000000be4200000,0x0000000be4300000)]
  0x00000126aa4941f0 JavaThread "Unconstrained build operations Thread 27" [_thread_blocked, id=21888, stack(0x0000000be4300000,0x0000000be4400000)]
  0x00000126aa495a00 JavaThread "Unconstrained build operations Thread 28" [_thread_blocked, id=21784, stack(0x0000000be4400000,0x0000000be4500000)]
  0x00000126abe5b320 JavaThread "Unconstrained build operations Thread 29" [_thread_blocked, id=17424, stack(0x0000000be4500000,0x0000000be4600000)]
  0x00000126abe5d4d0 JavaThread "Unconstrained build operations Thread 30" [_thread_blocked, id=7056, stack(0x0000000be4600000,0x0000000be4700000)]
  0x00000126abe5a980 JavaThread "Unconstrained build operations Thread 31" [_thread_blocked, id=15236, stack(0x0000000be4700000,0x0000000be4800000)]
  0x00000126abe5f680 JavaThread "Unconstrained build operations Thread 32" [_thread_blocked, id=17052, stack(0x0000000be4800000,0x0000000be4900000)]
  0x00000126abe61360 JavaThread "Unconstrained build operations Thread 33" [_thread_blocked, id=12648, stack(0x0000000be4900000,0x0000000be4a00000)]
  0x00000126abe5d9a0 JavaThread "Unconstrained build operations Thread 34" [_thread_blocked, id=23452, stack(0x0000000be4a00000,0x0000000be4b00000)]
  0x00000126abe5ae50 JavaThread "Unconstrained build operations Thread 35" [_thread_blocked, id=21424, stack(0x0000000be4b00000,0x0000000be4c00000)]
  0x00000126abe5de70 JavaThread "Unconstrained build operations Thread 36" [_thread_blocked, id=22952, stack(0x0000000be4c00000,0x0000000be4d00000)]
  0x00000126abe60020 JavaThread "Unconstrained build operations Thread 37" [_thread_blocked, id=14064, stack(0x0000000be4d00000,0x0000000be4e00000)]
  0x00000126abe604f0 JavaThread "Unconstrained build operations Thread 38" [_thread_blocked, id=6332, stack(0x0000000be4e00000,0x0000000be4f00000)]
  0x00000126abe5e340 JavaThread "Unconstrained build operations Thread 39" [_thread_blocked, id=19388, stack(0x0000000be4f00000,0x0000000be5000000)]
  0x00000126abe5c190 JavaThread "Unconstrained build operations Thread 40" [_thread_blocked, id=15372, stack(0x0000000be5000000,0x0000000be5100000)]
  0x00000126abe5d000 JavaThread "Unconstrained build operations Thread 41" [_thread_blocked, id=14832, stack(0x0000000be5100000,0x0000000be5200000)]
  0x00000126abe5e810 JavaThread "Unconstrained build operations Thread 42" [_thread_blocked, id=17524, stack(0x0000000be5200000,0x0000000be5300000)]
  0x00000126abe5fb50 JavaThread "Unconstrained build operations Thread 43" [_thread_blocked, id=14928, stack(0x0000000be5300000,0x0000000be5400000)]
  0x00000126abe5f1b0 JavaThread "Unconstrained build operations Thread 44" [_thread_blocked, id=14732, stack(0x0000000be5400000,0x0000000be5500000)]
  0x00000126abe61830 JavaThread "Unconstrained build operations Thread 45" [_thread_blocked, id=22732, stack(0x0000000be5500000,0x0000000be5600000)]
  0x00000126abe59fe0 JavaThread "Unconstrained build operations Thread 46" [_thread_blocked, id=12872, stack(0x0000000be5600000,0x0000000be5700000)]
  0x00000126abe609c0 JavaThread "included builds" [_thread_blocked, id=9728, stack(0x0000000be5700000,0x0000000be5800000)]
  0x00000126abe5c660 JavaThread "Execution worker" [_thread_blocked, id=11520, stack(0x0000000be5800000,0x0000000be5900000)]
  0x00000126abe5a4b0 JavaThread "Execution worker Thread 2" [_thread_blocked, id=23288, stack(0x0000000be5900000,0x0000000be5a00000)]
  0x00000126abe5bcc0 JavaThread "Execution worker Thread 3" [_thread_blocked, id=21268, stack(0x0000000be5a00000,0x0000000be5b00000)]
  0x00000126abe5cb30 JavaThread "Execution worker Thread 4" [_thread_blocked, id=16156, stack(0x0000000be5b00000,0x0000000be5c00000)]
  0x00000126afcd4130 JavaThread "Execution worker Thread 5" [_thread_blocked, id=3820, stack(0x0000000be5c00000,0x0000000be5d00000)]
  0x00000126afcd5e10 JavaThread "Execution worker Thread 6" [_thread_blocked, id=17080, stack(0x0000000be5d00000,0x0000000be5e00000)]
  0x00000126afcd62e0 JavaThread "Execution worker Thread 7" [_thread_blocked, id=18400, stack(0x0000000be5e00000,0x0000000be5f00000)]
  0x00000126afcd6c80 JavaThread "Execution worker Thread 8" [_thread_blocked, id=23064, stack(0x0000000be5f00000,0x0000000be6000000)]
  0x00000126afcd4fa0 JavaThread "Execution worker Thread 9" [_thread_blocked, id=16496, stack(0x0000000be6000000,0x0000000be6100000)]
  0x00000126afccf900 JavaThread "Execution worker Thread 10" [_thread_blocked, id=11052, stack(0x0000000be6300000,0x0000000be6400000)]
  0x00000126afcd32c0 JavaThread "Execution worker Thread 11" [_thread_blocked, id=18036, stack(0x0000000be6400000,0x0000000be6500000)]
  0x00000126afcd0c40 JavaThread "Cache worker for execution history cache (C:\Users\Admin\IdeaProjects\BrewinCompatDelight\.gradle\8.8\executionHistory)" [_thread_blocked, id=22548, stack(0x0000000be6500000,0x0000000be6600000)]
  0x00000126acba7170 JavaThread "C2 CompilerThread1" daemon [_thread_blocked, id=15608, stack(0x0000000be2800000,0x0000000be2900000)]
  0x00000126acba8ac0 JavaThread "C2 CompilerThread2" daemon [_thread_blocked, id=15088, stack(0x0000000be6e00000,0x0000000be6f00000)]

Other Threads:
=>0x00000126a72feea0 VMThread "VM Thread" [stack: 0x0000000bded00000,0x0000000bdee00000] [id=7052]
  0x00000126866c2400 WatcherThread [stack: 0x0000000bdf900000,0x0000000bdfa00000] [id=11472]
  0x000001268671b3f0 GCTaskThread "GC Thread#0" [stack: 0x0000000bde800000,0x0000000bde900000] [id=15836]
  0x00000126a877d180 GCTaskThread "GC Thread#1" [stack: 0x0000000bdfc00000,0x0000000bdfd00000] [id=13492]
  0x00000126a8a9c560 GCTaskThread "GC Thread#2" [stack: 0x0000000bdfd00000,0x0000000bdfe00000] [id=5480]
  0x00000126a89daa60 GCTaskThread "GC Thread#3" [stack: 0x0000000bdfe00000,0x0000000bdff00000] [id=22848]
  0x00000126a897c890 GCTaskThread "GC Thread#4" [stack: 0x0000000bdff00000,0x0000000be0000000] [id=23052]
  0x00000126abd9f930 GCTaskThread "GC Thread#5" [stack: 0x0000000be0c00000,0x0000000be0d00000] [id=4548]
  0x00000126abd9fbe0 GCTaskThread "GC Thread#6" [stack: 0x0000000be0d00000,0x0000000be0e00000] [id=18252]
  0x00000126a9f9b410 GCTaskThread "GC Thread#7" [stack: 0x0000000be0e00000,0x0000000be0f00000] [id=7208]
  0x00000126a9ecbdc0 GCTaskThread "GC Thread#8" [stack: 0x0000000be0f00000,0x0000000be1000000] [id=15724]
  0x00000126a9eca2e0 GCTaskThread "GC Thread#9" [stack: 0x0000000be1000000,0x0000000be1100000] [id=7932]
  0x0000012686729340 ConcurrentGCThread "G1 Main Marker" [stack: 0x0000000bde900000,0x0000000bdea00000] [id=21528]
  0x0000012686729d50 ConcurrentGCThread "G1 Conc#0" [stack: 0x0000000bdea00000,0x0000000bdeb00000] [id=22684]
  0x00000126a9ecb860 ConcurrentGCThread "G1 Conc#1" [stack: 0x0000000be1300000,0x0000000be1400000] [id=8636]
  0x00000126a9eca840 ConcurrentGCThread "G1 Conc#2" [stack: 0x0000000be1400000,0x0000000be1500000] [id=17728]
  0x00000126a71c34e0 ConcurrentGCThread "G1 Refine#0" [stack: 0x0000000bdeb00000,0x0000000bdec00000] [id=4220]
  0x00000126ad4e3b80 ConcurrentGCThread "G1 Refine#1" [stack: 0x0000000be6600000,0x0000000be6700000] [id=23368]
  0x00000126ad4e4fa0 ConcurrentGCThread "G1 Refine#2" [stack: 0x0000000be6700000,0x0000000be6800000] [id=11024]
  0x00000126ad4e3e60 ConcurrentGCThread "G1 Refine#3" [stack: 0x0000000be6800000,0x0000000be6900000] [id=14540]
  0x00000126ad4e2760 ConcurrentGCThread "G1 Refine#4" [stack: 0x0000000be6900000,0x0000000be6a00000] [id=22808]
  0x00000126ad4e2a40 ConcurrentGCThread "G1 Refine#5" [stack: 0x0000000be6a00000,0x0000000be6b00000] [id=22088]
  0x00000126ad4e1ec0 ConcurrentGCThread "G1 Refine#6" [stack: 0x0000000be6b00000,0x0000000be6c00000] [id=19052]
  0x00000126ad4e2480 ConcurrentGCThread "G1 Refine#7" [stack: 0x0000000be6c00000,0x0000000be6d00000] [id=2144]
  0x00000126ad4e1340 ConcurrentGCThread "G1 Refine#8" [stack: 0x0000000be6d00000,0x0000000be6e00000] [id=6876]
  0x00000126a71c3f00 ConcurrentGCThread "G1 Service" [stack: 0x0000000bdec00000,0x0000000bded00000] [id=22772]

Threads with active compile tasks:
C2 CompilerThread0    23792 12076       4       java.net.URLClassLoader$1::run (5 bytes)
C2 CompilerThread1    23792 12075   !   4       java.net.URLClassLoader::findClass (47 bytes)
C2 CompilerThread2    23792 12122       4       java.util.TimSort::sort (229 bytes)

VM state: at safepoint (normal execution)

VM Mutex/Monitor currently owned by a thread:  ([mutex/lock_event])
[0x00000126866bda80] Threads_lock - owner thread: 0x00000126a72feea0
[0x00000126866be4a0] Heap_lock - owner thread: 0x00000126abe609c0

Heap address: 0x0000000740000000, size: 3072 MB, Compressed Oops mode: Zero based, Oop shift amount: 3

CDS archive(s) mapped at: [0x0000000800000000-0x0000000800bd0000-0x0000000800bd0000), size 12386304, SharedBaseAddress: 0x0000000800000000, ArchiveRelocationMode: 0.
Compressed class space mapped at: 0x0000000800c00000-0x0000000840c00000, reserved size: 1073741824
Narrow klass base: 0x0000000800000000, Narrow klass shift: 0, Narrow klass range: 0x100000000

GC Precious Log:
 CPUs: 12 total, 12 available
 Memory: 15762M
 Large Page Support: Disabled
 NUMA Support: Disabled
 Compressed Oops: Enabled (Zero based)
 Heap Region Size: 2M
 Heap Min Capacity: 8M
 Heap Initial Capacity: 248M
 Heap Max Capacity: 3G
 Pre-touch: Disabled
 Parallel Workers: 10
 Concurrent Workers: 3
 Concurrent Refinement Workers: 10
 Periodic GC: Disabled

Heap:
 garbage-first heap   total 608256K, used 366592K [0x0000000740000000, 0x0000000800000000)
  region size 2048K, 8 young (16384K), 8 survivors (16384K)
 Metaspace       used 81525K, committed 82496K, reserved 1122304K
  class space    used 11400K, committed 11840K, reserved 1048576K

Heap Regions: E=young(eden), S=young(survivor), O=old, HS=humongous(starts), HC=humongous(continues), CS=collection set, F=free, OA=open archive, CA=closed archive, TAMS=top-at-mark-start (previous, next)
|   0|0x0000000740000000, 0x0000000740200000, 0x0000000740200000|100%|HS|  |TAMS 0x0000000740200000, 0x0000000740000000| Complete 
|   1|0x0000000740200000, 0x0000000740400000, 0x0000000740400000|100%|HC|  |TAMS 0x0000000740400000, 0x0000000740200000| Complete 
|   2|0x0000000740400000, 0x0000000740600000, 0x0000000740600000|100%| O|  |TAMS 0x0000000740600000, 0x0000000740400000| Untracked 
|   3|0x0000000740600000, 0x0000000740800000, 0x0000000740800000|100%| O|  |TAMS 0x0000000740800000, 0x0000000740600000| Untracked 
|   4|0x0000000740800000, 0x0000000740a00000, 0x0000000740a00000|100%| O|  |TAMS 0x0000000740a00000, 0x0000000740800000| Untracked 
|   5|0x0000000740a00000, 0x0000000740c00000, 0x0000000740c00000|100%| O|  |TAMS 0x0000000740c00000, 0x0000000740a00000| Untracked 
|   6|0x0000000740c00000, 0x0000000740e00000, 0x0000000740e00000|100%| O|  |TAMS 0x0000000740e00000, 0x0000000740c00000| Untracked 
|   7|0x0000000740e00000, 0x0000000741000000, 0x0000000741000000|100%| O|  |TAMS 0x0000000741000000, 0x0000000740e00000| Untracked 
|   8|0x0000000741000000, 0x0000000741200000, 0x0000000741200000|100%| O|  |TAMS 0x0000000741200000, 0x0000000741000000| Untracked 
|   9|0x0000000741200000, 0x0000000741400000, 0x0000000741400000|100%| O|  |TAMS 0x0000000741400000, 0x0000000741200000| Untracked 
|  10|0x0000000741400000, 0x0000000741600000, 0x0000000741600000|100%| O|  |TAMS 0x0000000741600000, 0x0000000741400000| Untracked 
|  11|0x0000000741600000, 0x0000000741800000, 0x0000000741800000|100%|HS|  |TAMS 0x0000000741800000, 0x0000000741600000| Complete 
|  12|0x0000000741800000, 0x0000000741a00000, 0x0000000741a00000|100%|HC|  |TAMS 0x0000000741a00000, 0x0000000741800000| Complete 
|  13|0x0000000741a00000, 0x0000000741c00000, 0x0000000741c00000|100%|HC|  |TAMS 0x0000000741c00000, 0x0000000741a00000| Complete 
|  14|0x0000000741c00000, 0x0000000741e00000, 0x0000000741e00000|100%|HS|  |TAMS 0x0000000741e00000, 0x0000000741c00000| Complete 
|  15|0x0000000741e00000, 0x0000000742000000, 0x0000000742000000|100%|HC|  |TAMS 0x0000000742000000, 0x0000000741e00000| Complete 
|  16|0x0000000742000000, 0x0000000742200000, 0x0000000742200000|100%|HS|  |TAMS 0x0000000742200000, 0x0000000742000000| Complete 
|  17|0x0000000742200000, 0x0000000742400000, 0x0000000742400000|100%| O|  |TAMS 0x0000000742400000, 0x0000000742200000| Untracked 
|  18|0x0000000742400000, 0x0000000742600000, 0x0000000742600000|100%| O|  |TAMS 0x0000000742600000, 0x0000000742400000| Untracked 
|  19|0x0000000742600000, 0x0000000742800000, 0x0000000742800000|100%| O|  |TAMS 0x0000000742800000, 0x0000000742600000| Untracked 
|  20|0x0000000742800000, 0x0000000742a00000, 0x0000000742a00000|100%|HS|  |TAMS 0x0000000742a00000, 0x0000000742800000| Complete 
|  21|0x0000000742a00000, 0x0000000742c00000, 0x0000000742c00000|100%| O|  |TAMS 0x0000000742c00000, 0x0000000742a00000| Untracked 
|  22|0x0000000742c00000, 0x0000000742e00000, 0x0000000742e00000|100%| O|  |TAMS 0x0000000742e00000, 0x0000000742c00000| Untracked 
|  23|0x0000000742e00000, 0x0000000743000000, 0x0000000743000000|100%| O|  |TAMS 0x0000000743000000, 0x0000000742e00000| Untracked 
|  24|0x0000000743000000, 0x0000000743200000, 0x0000000743200000|100%| O|  |TAMS 0x0000000743200000, 0x0000000743000000| Untracked 
|  25|0x0000000743200000, 0x0000000743400000, 0x0000000743400000|100%|HS|  |TAMS 0x0000000743400000, 0x0000000743200000| Complete 
|  26|0x0000000743400000, 0x0000000743600000, 0x0000000743600000|100%|HC|  |TAMS 0x0000000743600000, 0x0000000743400000| Complete 
|  27|0x0000000743600000, 0x0000000743800000, 0x0000000743800000|100%|HC|  |TAMS 0x0000000743800000, 0x0000000743600000| Complete 
|  28|0x0000000743800000, 0x0000000743a00000, 0x0000000743a00000|100%|HS|  |TAMS 0x0000000743a00000, 0x0000000743800000| Complete 
|  29|0x0000000743a00000, 0x0000000743c00000, 0x0000000743c00000|100%|HC|  |TAMS 0x0000000743c00000, 0x0000000743a00000| Complete 
|  30|0x0000000743c00000, 0x0000000743e00000, 0x0000000743e00000|100%|HC|  |TAMS 0x0000000743e00000, 0x0000000743c00000| Complete 
|  31|0x0000000743e00000, 0x0000000744000000, 0x0000000744000000|100%| O|  |TAMS 0x0000000744000000, 0x0000000743e00000| Untracked 
|  32|0x0000000744000000, 0x0000000744200000, 0x0000000744200000|100%| O|  |TAMS 0x0000000744200000, 0x0000000744000000| Untracked 
|  33|0x0000000744200000, 0x0000000744400000, 0x0000000744400000|100%| O|  |TAMS 0x0000000744400000, 0x0000000744200000| Untracked 
|  34|0x0000000744400000, 0x0000000744600000, 0x0000000744600000|100%|HS|  |TAMS 0x0000000744600000, 0x0000000744400000| Complete 
|  35|0x0000000744600000, 0x0000000744800000, 0x0000000744800000|100%| O|  |TAMS 0x0000000744800000, 0x0000000744600000| Untracked 
|  36|0x0000000744800000, 0x0000000744a00000, 0x0000000744a00000|100%| O|  |TAMS 0x0000000744a00000, 0x0000000744800000| Untracked 
|  37|0x0000000744a00000, 0x0000000744c00000, 0x0000000744c00000|100%| O|  |TAMS 0x0000000744c00000, 0x0000000744a00000| Untracked 
|  38|0x0000000744c00000, 0x0000000744e00000, 0x0000000744e00000|100%| O|  |TAMS 0x0000000744e00000, 0x0000000744c00000| Untracked 
|  39|0x0000000744e00000, 0x0000000745000000, 0x0000000745000000|100%| O|  |TAMS 0x0000000745000000, 0x0000000744e00000| Untracked 
|  40|0x0000000745000000, 0x0000000745200000, 0x0000000745200000|100%| O|  |TAMS 0x0000000745200000, 0x0000000745000000| Untracked 
|  41|0x0000000745200000, 0x0000000745400000, 0x0000000745400000|100%|HS|  |TAMS 0x0000000745400000, 0x0000000745200000| Complete 
|  42|0x0000000745400000, 0x0000000745600000, 0x0000000745600000|100%| O|  |TAMS 0x0000000745600000, 0x0000000745400000| Untracked 
|  43|0x0000000745600000, 0x0000000745800000, 0x0000000745800000|100%| O|  |TAMS 0x0000000745800000, 0x0000000745600000| Untracked 
|  44|0x0000000745800000, 0x0000000745a00000, 0x0000000745a00000|100%| O|  |TAMS 0x0000000745a00000, 0x0000000745800000| Untracked 
|  45|0x0000000745a00000, 0x0000000745c00000, 0x0000000745c00000|100%| O|  |TAMS 0x0000000745c00000, 0x0000000745a00000| Untracked 
|  46|0x0000000745c00000, 0x0000000745e00000, 0x0000000745e00000|100%| O|  |TAMS 0x0000000745e00000, 0x0000000745c00000| Untracked 
|  47|0x0000000745e00000, 0x0000000746000000, 0x0000000746000000|100%|HS|  |TAMS 0x0000000746000000, 0x0000000745e00000| Complete 
|  48|0x0000000746000000, 0x0000000746200000, 0x0000000746200000|100%|HC|  |TAMS 0x0000000746200000, 0x0000000746000000| Complete 
|  49|0x0000000746200000, 0x0000000746400000, 0x0000000746400000|100%|HC|  |TAMS 0x0000000746400000, 0x0000000746200000| Complete 
|  50|0x0000000746400000, 0x0000000746600000, 0x0000000746600000|100%|HS|  |TAMS 0x0000000746600000, 0x0000000746400000| Complete 
|  51|0x0000000746600000, 0x0000000746800000, 0x0000000746800000|100%|HC|  |TAMS 0x0000000746800000, 0x0000000746600000| Complete 
|  52|0x0000000746800000, 0x0000000746a00000, 0x0000000746a00000|100%|HS|  |TAMS 0x0000000746a00000, 0x0000000746800000| Complete 
|  53|0x0000000746a00000, 0x0000000746c00000, 0x0000000746c00000|100%| O|  |TAMS 0x0000000746c00000, 0x0000000746a00000| Untracked 
|  54|0x0000000746c00000, 0x0000000746e00000, 0x0000000746e00000|100%| O|  |TAMS 0x0000000746e00000, 0x0000000746c00000| Untracked 
|  55|0x0000000746e00000, 0x0000000747000000, 0x0000000747000000|100%| O|  |TAMS 0x0000000747000000, 0x0000000746e00000| Untracked 
|  56|0x0000000747000000, 0x0000000747200000, 0x0000000747200000|100%| O|  |TAMS 0x0000000747200000, 0x0000000747000000| Untracked 
|  57|0x0000000747200000, 0x0000000747400000, 0x0000000747400000|100%| O|  |TAMS 0x0000000747400000, 0x0000000747200000| Untracked 
|  58|0x0000000747400000, 0x0000000747600000, 0x0000000747600000|100%| O|  |TAMS 0x0000000747600000, 0x0000000747400000| Untracked 
|  59|0x0000000747600000, 0x0000000747800000, 0x0000000747800000|100%| O|  |TAMS 0x0000000747800000, 0x0000000747600000| Untracked 
|  60|0x0000000747800000, 0x0000000747a00000, 0x0000000747a00000|100%| O|  |TAMS 0x0000000747a00000, 0x0000000747800000| Untracked 
|  61|0x0000000747a00000, 0x0000000747c00000, 0x0000000747c00000|100%| O|  |TAMS 0x0000000747a00000, 0x0000000747a00000| Untracked 
|  62|0x0000000747c00000, 0x0000000747e00000, 0x0000000747e00000|100%| O|  |TAMS 0x0000000747e00000, 0x0000000747c00000| Untracked 
|  63|0x0000000747e00000, 0x0000000748000000, 0x0000000748000000|100%| O|  |TAMS 0x0000000748000000, 0x0000000747e00000| Untracked 
|  64|0x0000000748000000, 0x0000000748200000, 0x0000000748200000|100%| O|  |TAMS 0x0000000748000000, 0x0000000748000000| Untracked 
|  65|0x0000000748200000, 0x0000000748400000, 0x0000000748400000|100%| O|  |TAMS 0x0000000748200000, 0x0000000748200000| Untracked 
|  66|0x0000000748400000, 0x0000000748600000, 0x0000000748600000|100%| O|  |TAMS 0x0000000748600000, 0x0000000748400000| Untracked 
|  67|0x0000000748600000, 0x0000000748800000, 0x0000000748800000|100%| O|  |TAMS 0x0000000748800000, 0x0000000748600000| Untracked 
|  68|0x0000000748800000, 0x0000000748a00000, 0x0000000748a00000|100%| O|  |TAMS 0x0000000748a00000, 0x0000000748800000| Untracked 
|  69|0x0000000748a00000, 0x0000000748c00000, 0x0000000748c00000|100%| O|  |TAMS 0x0000000748c00000, 0x0000000748a00000| Untracked 
|  70|0x0000000748c00000, 0x0000000748e00000, 0x0000000748e00000|100%| O|  |TAMS 0x0000000748e00000, 0x0000000748c00000| Untracked 
|  71|0x0000000748e00000, 0x0000000749000000, 0x0000000749000000|100%| O|  |TAMS 0x0000000749000000, 0x0000000748e00000| Untracked 
|  72|0x0000000749000000, 0x0000000749200000, 0x0000000749200000|100%| O|  |TAMS 0x0000000749200000, 0x0000000749000000| Untracked 
|  73|0x0000000749200000, 0x0000000749400000, 0x0000000749400000|100%| O|  |TAMS 0x0000000749400000, 0x0000000749200000| Untracked 
|  74|0x0000000749400000, 0x0000000749600000, 0x0000000749600000|100%| O|  |TAMS 0x0000000749600000, 0x0000000749400000| Untracked 
|  75|0x0000000749600000, 0x0000000749800000, 0x0000000749800000|100%| O|  |TAMS 0x0000000749800000, 0x0000000749600000| Untracked 
|  76|0x0000000749800000, 0x0000000749a00000, 0x0000000749a00000|100%| O|  |TAMS 0x0000000749a00000, 0x0000000749800000| Untracked 
|  77|0x0000000749a00000, 0x0000000749c00000, 0x0000000749c00000|100%| O|  |TAMS 0x0000000749c00000, 0x0000000749a00000| Untracked 
|  78|0x0000000749c00000, 0x0000000749e00000, 0x0000000749e00000|100%| O|  |TAMS 0x0000000749e00000, 0x0000000749c00000| Untracked 
|  79|0x0000000749e00000, 0x000000074a000000, 0x000000074a000000|100%| O|  |TAMS 0x000000074a000000, 0x0000000749e00000| Untracked 
|  80|0x000000074a000000, 0x000000074a200000, 0x000000074a200000|100%| O|  |TAMS 0x000000074a200000, 0x000000074a000000| Untracked 
|  81|0x000000074a200000, 0x000000074a400000, 0x000000074a400000|100%| O|  |TAMS 0x000000074a400000, 0x000000074a200000| Untracked 
|  82|0x000000074a400000, 0x000000074a600000, 0x000000074a600000|100%| O|  |TAMS 0x000000074a600000, 0x000000074a400000| Untracked 
|  83|0x000000074a600000, 0x000000074a800000, 0x000000074a800000|100%| O|  |TAMS 0x000000074a800000, 0x000000074a600000| Untracked 
|  84|0x000000074a800000, 0x000000074aa00000, 0x000000074aa00000|100%| O|  |TAMS 0x000000074aa00000, 0x000000074a800000| Untracked 
|  85|0x000000074aa00000, 0x000000074ac00000, 0x000000074ac00000|100%| O|  |TAMS 0x000000074ac00000, 0x000000074aa00000| Untracked 
|  86|0x000000074ac00000, 0x000000074ae00000, 0x000000074ae00000|100%| O|  |TAMS 0x000000074ae00000, 0x000000074ac00000| Untracked 
|  87|0x000000074ae00000, 0x000000074b000000, 0x000000074b000000|100%| O|  |TAMS 0x000000074b000000, 0x000000074ae00000| Untracked 
|  88|0x000000074b000000, 0x000000074b200000, 0x000000074b200000|100%| O|  |TAMS 0x000000074b200000, 0x000000074b000000| Untracked 
|  89|0x000000074b200000, 0x000000074b400000, 0x000000074b400000|100%| O|  |TAMS 0x000000074b400000, 0x000000074b200000| Untracked 
|  90|0x000000074b400000, 0x000000074b600000, 0x000000074b600000|100%| O|  |TAMS 0x000000074b600000, 0x000000074b400000| Untracked 
|  91|0x000000074b600000, 0x000000074b800000, 0x000000074b800000|100%| O|  |TAMS 0x000000074b800000, 0x000000074b600000| Untracked 
|  92|0x000000074b800000, 0x000000074ba00000, 0x000000074ba00000|100%| O|  |TAMS 0x000000074ba00000, 0x000000074b800000| Untracked 
|  93|0x000000074ba00000, 0x000000074bc00000, 0x000000074bc00000|100%| O|  |TAMS 0x000000074bc00000, 0x000000074ba00000| Untracked 
|  94|0x000000074bc00000, 0x000000074be00000, 0x000000074be00000|100%| O|  |TAMS 0x000000074be00000, 0x000000074bc00000| Untracked 
|  95|0x000000074be00000, 0x000000074c000000, 0x000000074c000000|100%| O|  |TAMS 0x000000074c000000, 0x000000074be00000| Untracked 
|  96|0x000000074c000000, 0x000000074c200000, 0x000000074c200000|100%| O|  |TAMS 0x000000074c200000, 0x000000074c000000| Untracked 
|  97|0x000000074c200000, 0x000000074c400000, 0x000000074c400000|100%| O|  |TAMS 0x000000074c400000, 0x000000074c200000| Untracked 
|  98|0x000000074c400000, 0x000000074c600000, 0x000000074c600000|100%| O|  |TAMS 0x000000074c600000, 0x000000074c400000| Untracked 
|  99|0x000000074c600000, 0x000000074c800000, 0x000000074c800000|100%| O|  |TAMS 0x000000074c800000, 0x000000074c600000| Untracked 
| 100|0x000000074c800000, 0x000000074ca00000, 0x000000074ca00000|100%| O|  |TAMS 0x000000074ca00000, 0x000000074c800000| Untracked 
| 101|0x000000074ca00000, 0x000000074cc00000, 0x000000074cc00000|100%| O|  |TAMS 0x000000074cc00000, 0x000000074ca00000| Untracked 
| 102|0x000000074cc00000, 0x000000074ce00000, 0x000000074ce00000|100%| O|  |TAMS 0x000000074ce00000, 0x000000074cc00000| Untracked 
| 103|0x000000074ce00000, 0x000000074d000000, 0x000000074d000000|100%| O|  |TAMS 0x000000074d000000, 0x000000074ce00000| Untracked 
| 104|0x000000074d000000, 0x000000074d200000, 0x000000074d200000|100%| O|  |TAMS 0x000000074d200000, 0x000000074d000000| Untracked 
| 105|0x000000074d200000, 0x000000074d400000, 0x000000074d400000|100%| O|  |TAMS 0x000000074d400000, 0x000000074d200000| Untracked 
| 106|0x000000074d400000, 0x000000074d600000, 0x000000074d600000|100%| O|  |TAMS 0x000000074d600000, 0x000000074d400000| Untracked 
| 107|0x000000074d600000, 0x000000074d800000, 0x000000074d800000|100%| O|  |TAMS 0x000000074d800000, 0x000000074d600000| Untracked 
| 108|0x000000074d800000, 0x000000074da00000, 0x000000074da00000|100%| O|  |TAMS 0x000000074da00000, 0x000000074d800000| Untracked 
| 109|0x000000074da00000, 0x000000074dc00000, 0x000000074dc00000|100%| O|  |TAMS 0x000000074dc00000, 0x000000074da00000| Untracked 
| 110|0x000000074dc00000, 0x000000074de00000, 0x000000074de00000|100%| O|  |TAMS 0x000000074de00000, 0x000000074dc00000| Untracked 
| 111|0x000000074de00000, 0x000000074e000000, 0x000000074e000000|100%| O|  |TAMS 0x000000074e000000, 0x000000074de00000| Untracked 
| 112|0x000000074e000000, 0x000000074e200000, 0x000000074e200000|100%| O|  |TAMS 0x000000074e000000, 0x000000074e000000| Untracked 
| 113|0x000000074e200000, 0x000000074e400000, 0x000000074e400000|100%| O|  |TAMS 0x000000074e200000, 0x000000074e200000| Untracked 
| 114|0x000000074e400000, 0x000000074e600000, 0x000000074e600000|100%| O|  |TAMS 0x000000074e400000, 0x000000074e400000| Untracked 
| 115|0x000000074e600000, 0x000000074e800000, 0x000000074e800000|100%| O|  |TAMS 0x000000074e800000, 0x000000074e600000| Untracked 
| 116|0x000000074e800000, 0x000000074ea00000, 0x000000074ea00000|100%| O|  |TAMS 0x000000074ea00000, 0x000000074e800000| Untracked 
| 117|0x000000074ea00000, 0x000000074ec00000, 0x000000074ec00000|100%| O|  |TAMS 0x000000074ec00000, 0x000000074ea00000| Untracked 
| 118|0x000000074ec00000, 0x000000074ee00000, 0x000000074ee00000|100%| O|  |TAMS 0x000000074ee00000, 0x000000074ec00000| Untracked 
| 119|0x000000074ee00000, 0x000000074f000000, 0x000000074f000000|100%| O|  |TAMS 0x000000074f000000, 0x000000074ee00000| Untracked 
| 120|0x000000074f000000, 0x000000074f200000, 0x000000074f200000|100%| O|  |TAMS 0x000000074f200000, 0x000000074f000000| Untracked 
| 121|0x000000074f200000, 0x000000074f400000, 0x000000074f400000|100%| O|  |TAMS 0x000000074f400000, 0x000000074f200000| Untracked 
| 122|0x000000074f400000, 0x000000074f600000, 0x000000074f600000|100%| O|  |TAMS 0x000000074f600000, 0x000000074f400000| Untracked 
| 123|0x000000074f600000, 0x000000074f800000, 0x000000074f800000|100%| O|  |TAMS 0x000000074f6c7e00, 0x000000074f600000| Untracked 
| 124|0x000000074f800000, 0x000000074fa00000, 0x000000074fa00000|100%| O|  |TAMS 0x000000074f800000, 0x000000074f800000| Untracked 
| 125|0x000000074fa00000, 0x000000074fc00000, 0x000000074fc00000|100%| O|  |TAMS 0x000000074fa00000, 0x000000074fa00000| Untracked 
| 126|0x000000074fc00000, 0x000000074fe00000, 0x000000074fe00000|100%| O|  |TAMS 0x000000074fc00000, 0x000000074fc00000| Untracked 
| 127|0x000000074fe00000, 0x0000000750000000, 0x0000000750000000|100%| O|  |TAMS 0x000000074fe00000, 0x000000074fe00000| Untracked 
| 128|0x0000000750000000, 0x0000000750200000, 0x0000000750200000|100%| O|  |TAMS 0x0000000750000000, 0x0000000750000000| Untracked 
| 129|0x0000000750200000, 0x0000000750400000, 0x0000000750400000|100%| O|  |TAMS 0x0000000750200000, 0x0000000750200000| Untracked 
| 130|0x0000000750400000, 0x0000000750600000, 0x0000000750600000|100%| O|  |TAMS 0x0000000750400000, 0x0000000750400000| Untracked 
| 131|0x0000000750600000, 0x0000000750800000, 0x0000000750800000|100%| O|  |TAMS 0x0000000750600000, 0x0000000750600000| Untracked 
| 132|0x0000000750800000, 0x0000000750a00000, 0x0000000750a00000|100%| O|  |TAMS 0x0000000750800000, 0x0000000750800000| Untracked 
| 133|0x0000000750a00000, 0x0000000750c00000, 0x0000000750c00000|100%| O|  |TAMS 0x0000000750a00000, 0x0000000750a00000| Untracked 
| 134|0x0000000750c00000, 0x0000000750e00000, 0x0000000750e00000|100%| O|  |TAMS 0x0000000750c00000, 0x0000000750c00000| Untracked 
| 135|0x0000000750e00000, 0x0000000751000000, 0x0000000751000000|100%| O|  |TAMS 0x0000000750e00000, 0x0000000750e00000| Untracked 
| 136|0x0000000751000000, 0x0000000751200000, 0x0000000751200000|100%| O|  |TAMS 0x0000000751000000, 0x0000000751000000| Untracked 
| 137|0x0000000751200000, 0x0000000751400000, 0x0000000751400000|100%| O|  |TAMS 0x0000000751200000, 0x0000000751200000| Untracked 
| 138|0x0000000751400000, 0x0000000751600000, 0x0000000751600000|100%| O|  |TAMS 0x0000000751400000, 0x0000000751400000| Untracked 
| 139|0x0000000751600000, 0x0000000751800000, 0x0000000751800000|100%| O|  |TAMS 0x0000000751600000, 0x0000000751600000| Untracked 
| 140|0x0000000751800000, 0x0000000751a00000, 0x0000000751a00000|100%| O|  |TAMS 0x0000000751800000, 0x0000000751800000| Untracked 
| 141|0x0000000751a00000, 0x0000000751c00000, 0x0000000751c00000|100%| O|  |TAMS 0x0000000751a00000, 0x0000000751a00000| Untracked 
| 142|0x0000000751c00000, 0x0000000751e00000, 0x0000000751e00000|100%| O|  |TAMS 0x0000000751c00000, 0x0000000751c00000| Untracked 
| 143|0x0000000751e00000, 0x0000000752000000, 0x0000000752000000|100%| O|  |TAMS 0x0000000751e00000, 0x0000000751e00000| Untracked 
| 144|0x0000000752000000, 0x0000000752200000, 0x0000000752200000|100%| O|  |TAMS 0x0000000752000000, 0x0000000752000000| Untracked 
| 145|0x0000000752200000, 0x0000000752400000, 0x0000000752400000|100%| O|  |TAMS 0x0000000752200000, 0x0000000752200000| Untracked 
| 146|0x0000000752400000, 0x0000000752600000, 0x0000000752600000|100%| O|  |TAMS 0x0000000752400000, 0x0000000752400000| Untracked 
| 147|0x0000000752600000, 0x0000000752800000, 0x0000000752800000|100%| O|  |TAMS 0x0000000752600000, 0x0000000752600000| Untracked 
| 148|0x0000000752800000, 0x0000000752a00000, 0x0000000752a00000|100%| O|  |TAMS 0x0000000752800000, 0x0000000752800000| Untracked 
| 149|0x0000000752a00000, 0x0000000752c00000, 0x0000000752c00000|100%| O|  |TAMS 0x0000000752a00000, 0x0000000752a00000| Untracked 
| 150|0x0000000752c00000, 0x0000000752e00000, 0x0000000752e00000|100%| O|  |TAMS 0x0000000752c00000, 0x0000000752c00000| Untracked 
| 151|0x0000000752e00000, 0x0000000753000000, 0x0000000753000000|100%| O|  |TAMS 0x0000000752e00000, 0x0000000752e00000| Untracked 
| 152|0x0000000753000000, 0x0000000753200000, 0x0000000753200000|100%| O|  |TAMS 0x0000000753000000, 0x0000000753000000| Untracked 
| 153|0x0000000753200000, 0x0000000753400000, 0x0000000753400000|100%| O|  |TAMS 0x0000000753200000, 0x0000000753200000| Untracked 
| 154|0x0000000753400000, 0x0000000753600000, 0x0000000753600000|100%| O|  |TAMS 0x0000000753400000, 0x0000000753400000| Untracked 
| 155|0x0000000753600000, 0x0000000753800000, 0x0000000753800000|100%| O|  |TAMS 0x0000000753600000, 0x0000000753600000| Untracked 
| 156|0x0000000753800000, 0x0000000753a00000, 0x0000000753a00000|100%| O|  |TAMS 0x0000000753800000, 0x0000000753800000| Untracked 
| 157|0x0000000753a00000, 0x0000000753c00000, 0x0000000753c00000|100%| O|  |TAMS 0x0000000753a00000, 0x0000000753a00000| Untracked 
| 158|0x0000000753c00000, 0x0000000753e00000, 0x0000000753e00000|100%| O|  |TAMS 0x0000000753c00000, 0x0000000753c00000| Untracked 
| 159|0x0000000753e00000, 0x0000000754000000, 0x0000000754000000|100%| O|  |TAMS 0x0000000753e00000, 0x0000000753e00000| Untracked 
| 160|0x0000000754000000, 0x0000000754200000, 0x0000000754200000|100%| O|  |TAMS 0x0000000754000000, 0x0000000754000000| Untracked 
| 161|0x0000000754200000, 0x0000000754400000, 0x0000000754400000|100%| O|  |TAMS 0x0000000754200000, 0x0000000754200000| Untracked 
| 162|0x0000000754400000, 0x0000000754600000, 0x0000000754600000|100%| O|  |TAMS 0x0000000754400000, 0x0000000754400000| Untracked 
| 163|0x0000000754600000, 0x0000000754800000, 0x0000000754800000|100%| O|  |TAMS 0x0000000754600000, 0x0000000754600000| Untracked 
| 164|0x0000000754800000, 0x0000000754a00000, 0x0000000754a00000|100%| O|  |TAMS 0x0000000754800000, 0x0000000754800000| Untracked 
| 165|0x0000000754a00000, 0x0000000754c00000, 0x0000000754c00000|100%| O|  |TAMS 0x0000000754a00000, 0x0000000754a00000| Untracked 
| 166|0x0000000754c00000, 0x0000000754e00000, 0x0000000754e00000|100%| O|  |TAMS 0x0000000754c00000, 0x0000000754c00000| Untracked 
| 167|0x0000000754e00000, 0x0000000755000000, 0x0000000755000000|100%| O|  |TAMS 0x0000000754e00000, 0x0000000754e00000| Untracked 
| 168|0x0000000755000000, 0x0000000755200000, 0x0000000755200000|100%| O|  |TAMS 0x0000000755000000, 0x0000000755000000| Untracked 
| 169|0x0000000755200000, 0x0000000755400000, 0x0000000755400000|100%| O|  |TAMS 0x0000000755200000, 0x0000000755200000| Untracked 
| 170|0x0000000755400000, 0x0000000755400000, 0x0000000755600000|  0%| F|  |TAMS 0x0000000755400000, 0x0000000755400000| Untracked 
| 171|0x0000000755600000, 0x0000000755600000, 0x0000000755800000|  0%| F|  |TAMS 0x0000000755600000, 0x0000000755600000| Untracked 
| 172|0x0000000755800000, 0x0000000755800000, 0x0000000755a00000|  0%| F|  |TAMS 0x0000000755800000, 0x0000000755800000| Untracked 
| 173|0x0000000755a00000, 0x0000000755a00000, 0x0000000755c00000|  0%| F|  |TAMS 0x0000000755a00000, 0x0000000755a00000| Untracked 
| 174|0x0000000755c00000, 0x0000000755c00000, 0x0000000755e00000|  0%| F|  |TAMS 0x0000000755c00000, 0x0000000755c00000| Untracked 
| 175|0x0000000755e00000, 0x0000000755e00000, 0x0000000756000000|  0%| F|  |TAMS 0x0000000755e00000, 0x0000000755e00000| Untracked 
| 176|0x0000000756000000, 0x0000000756000000, 0x0000000756200000|  0%| F|  |TAMS 0x0000000756000000, 0x0000000756000000| Untracked 
| 177|0x0000000756200000, 0x0000000756200000, 0x0000000756400000|  0%| F|  |TAMS 0x0000000756200000, 0x0000000756200000| Untracked 
| 178|0x0000000756400000, 0x0000000756400000, 0x0000000756600000|  0%| F|  |TAMS 0x0000000756400000, 0x0000000756400000| Untracked 
| 179|0x0000000756600000, 0x0000000756600000, 0x0000000756800000|  0%| F|  |TAMS 0x0000000756600000, 0x0000000756600000| Untracked 
| 180|0x0000000756800000, 0x0000000756800000, 0x0000000756a00000|  0%| F|  |TAMS 0x0000000756800000, 0x0000000756800000| Untracked 
| 181|0x0000000756a00000, 0x0000000756a00000, 0x0000000756c00000|  0%| F|  |TAMS 0x0000000756a00000, 0x0000000756a00000| Untracked 
| 182|0x0000000756c00000, 0x0000000756c00000, 0x0000000756e00000|  0%| F|  |TAMS 0x0000000756c00000, 0x0000000756c00000| Untracked 
| 183|0x0000000756e00000, 0x0000000756e00000, 0x0000000757000000|  0%| F|  |TAMS 0x0000000756e00000, 0x0000000756e00000| Untracked 
| 184|0x0000000757000000, 0x0000000757000000, 0x0000000757200000|  0%| F|  |TAMS 0x0000000757000000, 0x0000000757000000| Untracked 
| 185|0x0000000757200000, 0x0000000757200000, 0x0000000757400000|  0%| F|  |TAMS 0x0000000757200000, 0x0000000757200000| Untracked 
| 186|0x0000000757400000, 0x0000000757400000, 0x0000000757600000|  0%| F|  |TAMS 0x0000000757400000, 0x0000000757400000| Untracked 
| 187|0x0000000757600000, 0x0000000757600000, 0x0000000757800000|  0%| F|  |TAMS 0x0000000757600000, 0x0000000757600000| Untracked 
| 188|0x0000000757800000, 0x0000000757800000, 0x0000000757a00000|  0%| F|  |TAMS 0x0000000757800000, 0x0000000757800000| Untracked 
| 189|0x0000000757a00000, 0x0000000757a00000, 0x0000000757c00000|  0%| F|  |TAMS 0x0000000757a00000, 0x0000000757a00000| Untracked 
| 190|0x0000000757c00000, 0x0000000757c00000, 0x0000000757e00000|  0%| F|  |TAMS 0x0000000757c00000, 0x0000000757c00000| Untracked 
| 191|0x0000000757e00000, 0x0000000757e00000, 0x0000000758000000|  0%| F|  |TAMS 0x0000000757e00000, 0x0000000757e00000| Untracked 
| 192|0x0000000758000000, 0x0000000758000000, 0x0000000758200000|  0%| F|  |TAMS 0x0000000758000000, 0x0000000758000000| Untracked 
| 193|0x0000000758200000, 0x0000000758200000, 0x0000000758400000|  0%| F|  |TAMS 0x0000000758200000, 0x0000000758200000| Untracked 
| 194|0x0000000758400000, 0x0000000758400000, 0x0000000758600000|  0%| F|  |TAMS 0x0000000758400000, 0x0000000758400000| Untracked 
| 195|0x0000000758600000, 0x0000000758600000, 0x0000000758800000|  0%| F|  |TAMS 0x0000000758600000, 0x0000000758600000| Untracked 
| 196|0x0000000758800000, 0x0000000758800000, 0x0000000758a00000|  0%| F|  |TAMS 0x0000000758800000, 0x0000000758800000| Untracked 
| 197|0x0000000758a00000, 0x0000000758a00000, 0x0000000758c00000|  0%| F|  |TAMS 0x0000000758a00000, 0x0000000758a00000| Untracked 
| 198|0x0000000758c00000, 0x0000000758c00000, 0x0000000758e00000|  0%| F|  |TAMS 0x0000000758c00000, 0x0000000758c00000| Untracked 
| 199|0x0000000758e00000, 0x0000000758e00000, 0x0000000759000000|  0%| F|  |TAMS 0x0000000758e00000, 0x0000000758e00000| Untracked 
| 200|0x0000000759000000, 0x0000000759000000, 0x0000000759200000|  0%| F|  |TAMS 0x0000000759000000, 0x0000000759000000| Untracked 
| 201|0x0000000759200000, 0x0000000759200000, 0x0000000759400000|  0%| F|  |TAMS 0x0000000759200000, 0x0000000759200000| Untracked 
| 202|0x0000000759400000, 0x0000000759400000, 0x0000000759600000|  0%| F|  |TAMS 0x0000000759400000, 0x0000000759400000| Untracked 
| 203|0x0000000759600000, 0x0000000759600000, 0x0000000759800000|  0%| F|  |TAMS 0x0000000759600000, 0x0000000759600000| Untracked 
| 204|0x0000000759800000, 0x0000000759800000, 0x0000000759a00000|  0%| F|  |TAMS 0x0000000759800000, 0x0000000759800000| Untracked 
| 205|0x0000000759a00000, 0x0000000759a00000, 0x0000000759c00000|  0%| F|  |TAMS 0x0000000759a00000, 0x0000000759a00000| Untracked 
| 206|0x0000000759c00000, 0x0000000759c00000, 0x0000000759e00000|  0%| F|  |TAMS 0x0000000759c00000, 0x0000000759c00000| Untracked 
| 207|0x0000000759e00000, 0x0000000759e00000, 0x000000075a000000|  0%| F|  |TAMS 0x0000000759e00000, 0x0000000759e00000| Untracked 
| 208|0x000000075a000000, 0x000000075a000000, 0x000000075a200000|  0%| F|  |TAMS 0x000000075a000000, 0x000000075a000000| Untracked 
| 209|0x000000075a200000, 0x000000075a200000, 0x000000075a400000|  0%| F|  |TAMS 0x000000075a200000, 0x000000075a200000| Untracked 
| 210|0x000000075a400000, 0x000000075a400000, 0x000000075a600000|  0%| F|  |TAMS 0x000000075a400000, 0x000000075a400000| Untracked 
| 211|0x000000075a600000, 0x000000075a600000, 0x000000075a800000|  0%| F|  |TAMS 0x000000075a600000, 0x000000075a600000| Untracked 
| 212|0x000000075a800000, 0x000000075a800000, 0x000000075aa00000|  0%| F|  |TAMS 0x000000075a800000, 0x000000075a800000| Untracked 
| 213|0x000000075aa00000, 0x000000075aa00000, 0x000000075ac00000|  0%| F|  |TAMS 0x000000075aa00000, 0x000000075aa00000| Untracked 
| 214|0x000000075ac00000, 0x000000075ac00000, 0x000000075ae00000|  0%| F|  |TAMS 0x000000075ac00000, 0x000000075ac00000| Untracked 
| 215|0x000000075ae00000, 0x000000075ae00000, 0x000000075b000000|  0%| F|  |TAMS 0x000000075ae00000, 0x000000075ae00000| Untracked 
| 216|0x000000075b000000, 0x000000075b000000, 0x000000075b200000|  0%| F|  |TAMS 0x000000075b000000, 0x000000075b000000| Untracked 
| 217|0x000000075b200000, 0x000000075b200000, 0x000000075b400000|  0%| F|  |TAMS 0x000000075b200000, 0x000000075b200000| Untracked 
| 218|0x000000075b400000, 0x000000075b400000, 0x000000075b600000|  0%| F|  |TAMS 0x000000075b400000, 0x000000075b400000| Untracked 
| 219|0x000000075b600000, 0x000000075b600000, 0x000000075b800000|  0%| F|  |TAMS 0x000000075b600000, 0x000000075b600000| Untracked 
| 220|0x000000075b800000, 0x000000075b800000, 0x000000075ba00000|  0%| F|  |TAMS 0x000000075b800000, 0x000000075b800000| Untracked 
| 221|0x000000075ba00000, 0x000000075ba00000, 0x000000075bc00000|  0%| F|  |TAMS 0x000000075ba00000, 0x000000075ba00000| Untracked 
| 222|0x000000075bc00000, 0x000000075bc00000, 0x000000075be00000|  0%| F|  |TAMS 0x000000075bc00000, 0x000000075bc00000| Untracked 
| 223|0x000000075be00000, 0x000000075be00000, 0x000000075c000000|  0%| F|  |TAMS 0x000000075be00000, 0x000000075be00000| Untracked 
| 224|0x000000075c000000, 0x000000075c000000, 0x000000075c200000|  0%| F|  |TAMS 0x000000075c000000, 0x000000075c000000| Untracked 
| 225|0x000000075c200000, 0x000000075c400000, 0x000000075c400000|100%| S|CS|TAMS 0x000000075c200000, 0x000000075c200000| Complete 
| 226|0x000000075c400000, 0x000000075c600000, 0x000000075c600000|100%| S|CS|TAMS 0x000000075c400000, 0x000000075c400000| Complete 
| 227|0x000000075c600000, 0x000000075c800000, 0x000000075c800000|100%| S|CS|TAMS 0x000000075c600000, 0x000000075c600000| Complete 
| 228|0x000000075c800000, 0x000000075ca00000, 0x000000075ca00000|100%| S|CS|TAMS 0x000000075c800000, 0x000000075c800000| Complete 
| 229|0x000000075ca00000, 0x000000075cc00000, 0x000000075cc00000|100%| S|CS|TAMS 0x000000075ca00000, 0x000000075ca00000| Complete 
| 230|0x000000075cc00000, 0x000000075ce00000, 0x000000075ce00000|100%| S|CS|TAMS 0x000000075cc00000, 0x000000075cc00000| Complete 
| 231|0x000000075ce00000, 0x000000075d000000, 0x000000075d000000|100%| S|CS|TAMS 0x000000075ce00000, 0x000000075ce00000| Complete 
| 232|0x000000075d000000, 0x000000075d200000, 0x000000075d200000|100%| S|CS|TAMS 0x000000075d000000, 0x000000075d000000| Complete 
| 233|0x000000075d200000, 0x000000075d200000, 0x000000075d400000|  0%| F|  |TAMS 0x000000075d200000, 0x000000075d200000| Untracked 
| 234|0x000000075d400000, 0x000000075d400000, 0x000000075d600000|  0%| F|  |TAMS 0x000000075d400000, 0x000000075d400000| Untracked 
| 235|0x000000075d600000, 0x000000075d600000, 0x000000075d800000|  0%| F|  |TAMS 0x000000075d600000, 0x000000075d600000| Untracked 
| 236|0x000000075d800000, 0x000000075d800000, 0x000000075da00000|  0%| F|  |TAMS 0x000000075d800000, 0x000000075d800000| Untracked 
| 237|0x000000075da00000, 0x000000075da00000, 0x000000075dc00000|  0%| F|  |TAMS 0x000000075da00000, 0x000000075da00000| Untracked 
| 238|0x000000075dc00000, 0x000000075dc00000, 0x000000075de00000|  0%| F|  |TAMS 0x000000075dc00000, 0x000000075dc00000| Untracked 
| 239|0x000000075de00000, 0x000000075de00000, 0x000000075e000000|  0%| F|  |TAMS 0x000000075de00000, 0x000000075de00000| Untracked 
| 240|0x000000075e000000, 0x000000075e000000, 0x000000075e200000|  0%| F|  |TAMS 0x000000075e000000, 0x000000075e000000| Untracked 
| 241|0x000000075e200000, 0x000000075e200000, 0x000000075e400000|  0%| F|  |TAMS 0x000000075e200000, 0x000000075e200000| Untracked 
| 242|0x000000075e400000, 0x000000075e400000, 0x000000075e600000|  0%| F|  |TAMS 0x000000075e400000, 0x000000075e400000| Untracked 
| 243|0x000000075e600000, 0x000000075e600000, 0x000000075e800000|  0%| F|  |TAMS 0x000000075e600000, 0x000000075e600000| Untracked 
| 244|0x000000075e800000, 0x000000075e800000, 0x000000075ea00000|  0%| F|  |TAMS 0x000000075e800000, 0x000000075e800000| Untracked 
| 245|0x000000075ea00000, 0x000000075ea00000, 0x000000075ec00000|  0%| F|  |TAMS 0x000000075ea00000, 0x000000075ea00000| Untracked 
| 246|0x000000075ec00000, 0x000000075ec00000, 0x000000075ee00000|  0%| F|  |TAMS 0x000000075ec00000, 0x000000075ec00000| Untracked 
| 247|0x000000075ee00000, 0x000000075ee00000, 0x000000075f000000|  0%| F|  |TAMS 0x000000075ee00000, 0x000000075ee00000| Untracked 
| 248|0x000000075f000000, 0x000000075f000000, 0x000000075f200000|  0%| F|  |TAMS 0x000000075f000000, 0x000000075f000000| Untracked 
| 249|0x000000075f200000, 0x000000075f200000, 0x000000075f400000|  0%| F|  |TAMS 0x000000075f200000, 0x000000075f200000| Untracked 
| 250|0x000000075f400000, 0x000000075f400000, 0x000000075f600000|  0%| F|  |TAMS 0x000000075f400000, 0x000000075f400000| Untracked 
| 251|0x000000075f600000, 0x000000075f600000, 0x000000075f800000|  0%| F|  |TAMS 0x000000075f600000, 0x000000075f600000| Untracked 
| 252|0x000000075f800000, 0x000000075f800000, 0x000000075fa00000|  0%| F|  |TAMS 0x000000075f800000, 0x000000075f800000| Untracked 
| 253|0x000000075fa00000, 0x000000075fa00000, 0x000000075fc00000|  0%| F|  |TAMS 0x000000075fa00000, 0x000000075fa00000| Untracked 
| 254|0x000000075fc00000, 0x000000075fc00000, 0x000000075fe00000|  0%| F|  |TAMS 0x000000075fc00000, 0x000000075fc00000| Untracked 
| 255|0x000000075fe00000, 0x000000075fe00000, 0x0000000760000000|  0%| F|  |TAMS 0x000000075fe00000, 0x000000075fe00000| Untracked 
| 256|0x0000000760000000, 0x0000000760000000, 0x0000000760200000|  0%| F|  |TAMS 0x0000000760000000, 0x0000000760000000| Untracked 
| 257|0x0000000760200000, 0x0000000760200000, 0x0000000760400000|  0%| F|  |TAMS 0x0000000760200000, 0x0000000760200000| Untracked 
| 258|0x0000000760400000, 0x0000000760400000, 0x0000000760600000|  0%| F|  |TAMS 0x0000000760400000, 0x0000000760400000| Untracked 
| 259|0x0000000760600000, 0x0000000760600000, 0x0000000760800000|  0%| F|  |TAMS 0x0000000760600000, 0x0000000760600000| Untracked 
| 260|0x0000000760800000, 0x0000000760800000, 0x0000000760a00000|  0%| F|  |TAMS 0x0000000760800000, 0x0000000760800000| Untracked 
| 261|0x0000000760a00000, 0x0000000760a00000, 0x0000000760c00000|  0%| F|  |TAMS 0x0000000760a00000, 0x0000000760a00000| Untracked 
| 262|0x0000000760c00000, 0x0000000760c00000, 0x0000000760e00000|  0%| F|  |TAMS 0x0000000760c00000, 0x0000000760c00000| Untracked 
| 263|0x0000000760e00000, 0x0000000760e00000, 0x0000000761000000|  0%| F|  |TAMS 0x0000000760e00000, 0x0000000760e00000| Untracked 
| 264|0x0000000761000000, 0x0000000761000000, 0x0000000761200000|  0%| F|  |TAMS 0x0000000761000000, 0x0000000761000000| Untracked 
| 265|0x0000000761200000, 0x0000000761200000, 0x0000000761400000|  0%| F|  |TAMS 0x0000000761200000, 0x0000000761200000| Untracked 
| 266|0x0000000761400000, 0x0000000761400000, 0x0000000761600000|  0%| F|  |TAMS 0x0000000761400000, 0x0000000761400000| Untracked 
| 267|0x0000000761600000, 0x0000000761600000, 0x0000000761800000|  0%| F|  |TAMS 0x0000000761600000, 0x0000000761600000| Untracked 
| 268|0x0000000761800000, 0x0000000761800000, 0x0000000761a00000|  0%| F|  |TAMS 0x0000000761800000, 0x0000000761800000| Untracked 
| 269|0x0000000761a00000, 0x0000000761a00000, 0x0000000761c00000|  0%| F|  |TAMS 0x0000000761a00000, 0x0000000761a00000| Untracked 
| 270|0x0000000761c00000, 0x0000000761c00000, 0x0000000761e00000|  0%| F|  |TAMS 0x0000000761c00000, 0x0000000761c00000| Untracked 
| 271|0x0000000761e00000, 0x0000000761e00000, 0x0000000762000000|  0%| F|  |TAMS 0x0000000761e00000, 0x0000000761e00000| Untracked 
| 272|0x0000000762000000, 0x0000000762000000, 0x0000000762200000|  0%| F|  |TAMS 0x0000000762000000, 0x0000000762000000| Untracked 
| 273|0x0000000762200000, 0x0000000762200000, 0x0000000762400000|  0%| F|  |TAMS 0x0000000762200000, 0x0000000762200000| Untracked 
| 274|0x0000000762400000, 0x0000000762400000, 0x0000000762600000|  0%| F|  |TAMS 0x0000000762400000, 0x0000000762400000| Untracked 
| 275|0x0000000762600000, 0x0000000762600000, 0x0000000762800000|  0%| F|  |TAMS 0x0000000762600000, 0x0000000762600000| Untracked 
| 276|0x0000000762800000, 0x0000000762800000, 0x0000000762a00000|  0%| F|  |TAMS 0x0000000762800000, 0x0000000762800000| Untracked 
| 277|0x0000000762a00000, 0x0000000762a00000, 0x0000000762c00000|  0%| F|  |TAMS 0x0000000762a00000, 0x0000000762a00000| Untracked 
| 278|0x0000000762c00000, 0x0000000762c00000, 0x0000000762e00000|  0%| F|  |TAMS 0x0000000762c00000, 0x0000000762c00000| Untracked 
| 279|0x0000000762e00000, 0x0000000762e00000, 0x0000000763000000|  0%| F|  |TAMS 0x0000000762e00000, 0x0000000762e00000| Untracked 
| 280|0x0000000763000000, 0x0000000763000000, 0x0000000763200000|  0%| F|  |TAMS 0x0000000763000000, 0x0000000763000000| Untracked 
| 281|0x0000000763200000, 0x0000000763200000, 0x0000000763400000|  0%| F|  |TAMS 0x0000000763200000, 0x0000000763200000| Untracked 
| 282|0x0000000763400000, 0x0000000763400000, 0x0000000763600000|  0%| F|  |TAMS 0x0000000763400000, 0x0000000763400000| Untracked 
| 283|0x0000000763600000, 0x0000000763600000, 0x0000000763800000|  0%| F|  |TAMS 0x0000000763600000, 0x0000000763600000| Untracked 
| 284|0x0000000763800000, 0x0000000763800000, 0x0000000763a00000|  0%| F|  |TAMS 0x0000000763800000, 0x0000000763800000| Untracked 
| 285|0x0000000763a00000, 0x0000000763a00000, 0x0000000763c00000|  0%| F|  |TAMS 0x0000000763a00000, 0x0000000763a00000| Untracked 
| 286|0x0000000763c00000, 0x0000000763c00000, 0x0000000763e00000|  0%| F|  |TAMS 0x0000000763c00000, 0x0000000763c00000| Untracked 
| 287|0x0000000763e00000, 0x0000000763e00000, 0x0000000764000000|  0%| F|  |TAMS 0x0000000763e00000, 0x0000000763e00000| Untracked 
| 288|0x0000000764000000, 0x0000000764000000, 0x0000000764200000|  0%| F|  |TAMS 0x0000000764000000, 0x0000000764000000| Untracked 
| 289|0x0000000764200000, 0x0000000764200000, 0x0000000764400000|  0%| F|  |TAMS 0x0000000764200000, 0x0000000764200000| Untracked 
| 290|0x0000000764400000, 0x0000000764400000, 0x0000000764600000|  0%| F|  |TAMS 0x0000000764400000, 0x0000000764400000| Untracked 
| 291|0x0000000764600000, 0x0000000764600000, 0x0000000764800000|  0%| F|  |TAMS 0x0000000764600000, 0x0000000764600000| Untracked 
| 292|0x0000000764800000, 0x0000000764800000, 0x0000000764a00000|  0%| F|  |TAMS 0x0000000764800000, 0x0000000764800000| Untracked 
| 293|0x0000000764a00000, 0x0000000764a00000, 0x0000000764c00000|  0%| F|  |TAMS 0x0000000764a00000, 0x0000000764a00000| Untracked 
|1533|0x00000007ffa00000, 0x00000007ffc00000, 0x00000007ffc00000|100%| O|  |TAMS 0x00000007ffc00000, 0x00000007ffa00000| Untracked 
|1534|0x00000007ffc00000, 0x00000007ffc00000, 0x00000007ffe00000|  0%| F|  |TAMS 0x00000007ffc00000, 0x00000007ffc00000| Untracked 
|1535|0x00000007ffe00000, 0x00000007ffe00000, 0x0000000800000000|  0%| F|  |TAMS 0x00000007ffe00000, 0x00000007ffe00000| Untracked 

Card table byte_map: [0x000001269daa0000,0x000001269e0a0000] _byte_map_base: 0x000001269a0a0000

Marking Bits (Prev, Next): (CMBitMap*) 0x000001268671ca10, (CMBitMap*) 0x000001268671ca50
 Prev Bits: [0x000001269e6a0000, 0x00000126a16a0000)
 Next Bits: [0x00000126a16a0000, 0x00000126a46a0000)

Polling page: 0x0000012684650000

Metaspace:

Usage:
  Non-class:     68.48 MB used.
      Class:     11.13 MB used.
       Both:     79.61 MB used.

Virtual space:
  Non-class space:       72.00 MB reserved,      69.00 MB ( 96%) committed,  9 nodes.
      Class space:        1.00 GB reserved,      11.56 MB (  1%) committed,  1 nodes.
             Both:        1.07 GB reserved,      80.56 MB (  7%) committed. 

Chunk freelists:
   Non-Class:  2.61 MB
       Class:  480.00 KB
        Both:  3.08 MB

MaxMetaspaceSize: unlimited
CompressedClassSpaceSize: 1.00 GB
Initial GC threshold: 21.00 MB
Current GC threshold: 133.88 MB
CDS: on
MetaspaceReclaimPolicy: balanced
 - commit_granule_bytes: 65536.
 - commit_granule_words: 8192.
 - virtual_space_node_default_size: 1048576.
 - enlarge_chunks_in_place: 1.
 - new_chunks_are_fully_committed: 0.
 - uncommit_free_chunks: 1.
 - use_allocation_guard: 0.
 - handle_deallocations: 1.


Internal statistics:

num_allocs_failed_limit: 3.
num_arena_births: 1208.
num_arena_deaths: 4.
num_vsnodes_births: 10.
num_vsnodes_deaths: 0.
num_space_committed: 1289.
num_space_uncommitted: 0.
num_chunks_returned_to_freelist: 9.
num_chunks_taken_from_freelist: 4675.
num_chunk_merges: 4.
num_chunk_splits: 2853.
num_chunks_enlarged: 1655.
num_purges: 2.
num_inconsistent_stats: 0.

CodeHeap 'non-profiled nmethods': size=120000Kb used=7481Kb max_used=7481Kb free=112518Kb
 bounds [0x0000012695a10000, 0x0000012696160000, 0x000001269cf40000]
CodeHeap 'profiled nmethods': size=120000Kb used=20672Kb max_used=20672Kb free=99327Kb
 bounds [0x000001268df40000, 0x000001268f380000, 0x0000012695470000]
CodeHeap 'non-nmethods': size=5760Kb used=2391Kb max_used=2477Kb free=3368Kb
 bounds [0x0000012695470000, 0x00000126956f0000, 0x0000012695a10000]
 total_blobs=11486 nmethods=10569 adapters=829
 compilation: enabled
              stopped_count=0, restarted_count=0
 full_count=0

Compilation events (20 events):
Event: 23.626 Thread 0x00000126a7d2a040 12118       3       net.minecraftforge.srgutils.MappingFile::lambda$write$12 (70 bytes)
Event: 23.627 Thread 0x00000126acba8ac0 nmethod 12110 0x0000012696156a90 code [0x0000012696156c20, 0x0000012696156e48]
Event: 23.627 Thread 0x00000126acba8ac0 12113       4       net.minecraftforge.srgutils.MappingFile::write (39 bytes)
Event: 23.627 Thread 0x00000126a7d2a040 nmethod 12118 0x000001268f36ab90 code [0x000001268f36af40, 0x000001268f36cb28]
Event: 23.627 Thread 0x00000126a7d2a040 12119       3       net.minecraftforge.srgutils.MappingFile$Cls::write (274 bytes)
Event: 23.629 Thread 0x00000126a7d2a040 nmethod 12119 0x000001268f36d490 code [0x000001268f36dac0, 0x000001268f370538]
Event: 23.629 Thread 0x00000126a7d2a040 12120       3       net.minecraftforge.srgutils.MappingFile$$Lambda$2215/0x0000000801781430::<init> (20 bytes)
Event: 23.629 Thread 0x00000126a7d2a040 nmethod 12120 0x000001268f371190 code [0x000001268f371340, 0x000001268f371578]
Event: 23.629 Thread 0x00000126a7d2a040 12121       3       net.minecraftforge.srgutils.MappingFile$$Lambda$2216/0x0000000801781660::<init> (20 bytes)
Event: 23.629 Thread 0x00000126a7d2a040 nmethod 12121 0x000001268f371610 code [0x000001268f3717c0, 0x000001268f3719f8]
Event: 23.673 Thread 0x00000126acba8ac0 nmethod 12113 0x0000012696157010 code [0x0000012696157260, 0x0000012696159a38]
Event: 23.673 Thread 0x00000126acba8ac0 12126       4       java.util.stream.AbstractPipeline::<init> (91 bytes)
Event: 23.676 Thread 0x00000126acba8ac0 nmethod 12126 0x000001269615a990 code [0x000001269615ab20, 0x000001269615af18]
Event: 23.676 Thread 0x00000126acba8ac0 12127       4       java.util.HashMap$HashMapSpliterator::getFence (53 bytes)
Event: 23.676 Thread 0x00000126acba8ac0 nmethod 12127 0x000001269615b010 code [0x000001269615b180, 0x000001269615b238]
Event: 23.676 Thread 0x00000126acba8ac0 12125       4       java.util.stream.SortedOps$SizedRefSortingSink::end (129 bytes)
Event: 23.723 Thread 0x00000126acba8ac0 nmethod 12125 0x000001269615b310 code [0x000001269615b5a0, 0x000001269615d5a0]
Event: 23.723 Thread 0x00000126acba8ac0 12122       4       java.util.TimSort::sort (229 bytes)
Event: 23.724 Thread 0x00000126a7d2a040 12139 %     2       java.util.stream.SortedOps$SizedRefSortingSink::end @ 39 (129 bytes)
Event: 23.724 Thread 0x00000126a7d2a040 nmethod 12139% 0x000001268f371a90 code [0x000001268f371ca0, 0x000001268f3720f8]

GC Heap History (20 events):
Event: 21.394 GC heap after
{Heap after GC invocations=38 (full 0):
 garbage-first heap   total 249856K, used 123898K [0x0000000740000000, 0x0000000800000000)
  region size 2048K, 4 young (8192K), 4 survivors (8192K)
 Metaspace       used 79654K, committed 80512K, reserved 1122304K
  class space    used 11102K, committed 11520K, reserved 1048576K
}
Event: 21.416 GC heap before
{Heap before GC invocations=38 (full 0):
 garbage-first heap   total 249856K, used 125946K [0x0000000740000000, 0x0000000800000000)
  region size 2048K, 5 young (10240K), 4 survivors (8192K)
 Metaspace       used 79683K, committed 80576K, reserved 1122304K
  class space    used 11102K, committed 11520K, reserved 1048576K
}
Event: 21.419 GC heap after
{Heap after GC invocations=39 (full 0):
 garbage-first heap   total 249856K, used 125042K [0x0000000740000000, 0x0000000800000000)
  region size 2048K, 1 young (2048K), 1 survivors (2048K)
 Metaspace       used 79683K, committed 80576K, reserved 1122304K
  class space    used 11102K, committed 11520K, reserved 1048576K
}
Event: 21.959 GC heap before
{Heap before GC invocations=40 (full 0):
 garbage-first heap   total 260096K, used 245874K [0x0000000740000000, 0x0000000800000000)
  region size 2048K, 24 young (49152K), 1 survivors (2048K)
 Metaspace       used 81073K, committed 81984K, reserved 1122304K
  class space    used 11351K, committed 11776K, reserved 1048576K
}
Event: 21.965 GC heap after
{Heap after GC invocations=41 (full 0):
 garbage-first heap   total 268288K, used 140321K [0x0000000740000000, 0x0000000800000000)
  region size 2048K, 5 young (10240K), 5 survivors (10240K)
 Metaspace       used 81073K, committed 81984K, reserved 1122304K
  class space    used 11351K, committed 11776K, reserved 1048576K
}
Event: 21.971 GC heap before
{Heap before GC invocations=41 (full 0):
 garbage-first heap   total 268288K, used 142369K [0x0000000740000000, 0x0000000800000000)
  region size 2048K, 6 young (12288K), 5 survivors (10240K)
 Metaspace       used 81073K, committed 81984K, reserved 1122304K
  class space    used 11351K, committed 11776K, reserved 1048576K
}
Event: 21.976 GC heap after
{Heap after GC invocations=42 (full 0):
 garbage-first heap   total 268288K, used 141976K [0x0000000740000000, 0x0000000800000000)
  region size 2048K, 1 young (2048K), 1 survivors (2048K)
 Metaspace       used 81073K, committed 81984K, reserved 1122304K
  class space    used 11351K, committed 11776K, reserved 1048576K
}
Event: 22.100 GC heap before
{Heap before GC invocations=42 (full 0):
 garbage-first heap   total 268288K, used 205464K [0x0000000740000000, 0x0000000800000000)
  region size 2048K, 33 young (67584K), 1 survivors (2048K)
 Metaspace       used 81155K, committed 82048K, reserved 1122304K
  class space    used 11360K, committed 11776K, reserved 1048576K
}
Event: 22.111 GC heap after
{Heap after GC invocations=43 (full 0):
 garbage-first heap   total 268288K, used 179794K [0x0000000740000000, 0x0000000800000000)
  region size 2048K, 5 young (10240K), 5 survivors (10240K)
 Metaspace       used 81155K, committed 82048K, reserved 1122304K
  class space    used 11360K, committed 11776K, reserved 1048576K
}
Event: 22.141 GC heap before
{Heap before GC invocations=43 (full 0):
 garbage-first heap   total 268288K, used 206418K [0x0000000740000000, 0x0000000800000000)
  region size 2048K, 18 young (36864K), 5 survivors (10240K)
 Metaspace       used 81155K, committed 82048K, reserved 1122304K
  class space    used 11360K, committed 11776K, reserved 1048576K
}
Event: 22.151 GC heap after
{Heap after GC invocations=44 (full 0):
 garbage-first heap   total 563200K, used 197085K [0x0000000740000000, 0x0000000800000000)
  region size 2048K, 3 young (6144K), 3 survivors (6144K)
 Metaspace       used 81155K, committed 82048K, reserved 1122304K
  class space    used 11360K, committed 11776K, reserved 1048576K
}
Event: 22.830 GC heap before
{Heap before GC invocations=44 (full 0):
 garbage-first heap   total 563200K, used 358877K [0x0000000740000000, 0x0000000800000000)
  region size 2048K, 82 young (167936K), 3 survivors (6144K)
 Metaspace       used 81300K, committed 82240K, reserved 1122304K
  class space    used 11376K, committed 11840K, reserved 1048576K
}
Event: 22.881 GC heap after
{Heap after GC invocations=45 (full 0):
 garbage-first heap   total 563200K, used 275231K [0x0000000740000000, 0x0000000800000000)
  region size 2048K, 11 young (22528K), 11 survivors (22528K)
 Metaspace       used 81300K, committed 82240K, reserved 1122304K
  class space    used 11376K, committed 11840K, reserved 1048576K
}
Event: 23.145 GC heap before
{Heap before GC invocations=45 (full 0):
 garbage-first heap   total 563200K, used 387871K [0x0000000740000000, 0x0000000800000000)
  region size 2048K, 66 young (135168K), 11 survivors (22528K)
 Metaspace       used 81329K, committed 82240K, reserved 1122304K
  class space    used 11378K, committed 11840K, reserved 1048576K
}
Event: 23.167 GC heap after
{Heap after GC invocations=46 (full 0):
 garbage-first heap   total 563200K, used 303104K [0x0000000740000000, 0x0000000800000000)
  region size 2048K, 9 young (18432K), 9 survivors (18432K)
 Metaspace       used 81329K, committed 82240K, reserved 1122304K
  class space    used 11378K, committed 11840K, reserved 1048576K
}
Event: 23.388 GC heap before
{Heap before GC invocations=47 (full 0):
 garbage-first heap   total 608256K, used 403456K [0x0000000740000000, 0x0000000800000000)
  region size 2048K, 61 young (124928K), 9 survivors (18432K)
 Metaspace       used 81448K, committed 82432K, reserved 1122304K
  class space    used 11392K, committed 11840K, reserved 1048576K
}
Event: 23.401 GC heap after
{Heap after GC invocations=48 (full 0):
 garbage-first heap   total 608256K, used 317327K [0x0000000740000000, 0x0000000800000000)
  region size 2048K, 8 young (16384K), 8 survivors (16384K)
 Metaspace       used 81448K, committed 82432K, reserved 1122304K
  class space    used 11392K, committed 11840K, reserved 1048576K
}
Event: 23.422 GC heap before
{Heap before GC invocations=48 (full 0):
 garbage-first heap   total 608256K, used 329615K [0x0000000740000000, 0x0000000800000000)
  region size 2048K, 14 young (28672K), 8 survivors (16384K)
 Metaspace       used 81448K, committed 82432K, reserved 1122304K
  class space    used 11392K, committed 11840K, reserved 1048576K
}
Event: 23.429 GC heap after
{Heap after GC invocations=49 (full 0):
 garbage-first heap   total 608256K, used 320367K [0x0000000740000000, 0x0000000800000000)
  region size 2048K, 2 young (4096K), 2 survivors (4096K)
 Metaspace       used 81448K, committed 82432K, reserved 1122304K
  class space    used 11392K, committed 11840K, reserved 1048576K
}
Event: 23.744 GC heap before
{Heap before GC invocations=49 (full 0):
 garbage-first heap   total 608256K, used 445295K [0x0000000740000000, 0x0000000800000000)
  region size 2048K, 63 young (129024K), 2 survivors (4096K)
 Metaspace       used 81525K, committed 82496K, reserved 1122304K
  class space    used 11400K, committed 11840K, reserved 1048576K
}

Deoptimization events (20 events):
Event: 23.489 Thread 0x00000126abe609c0 Uncommon trap: trap_request=0xffffffde fr.pc=0x0000012696129868 relative=0x0000000000000448
Event: 23.489 Thread 0x00000126abe609c0 Uncommon trap: reason=class_check action=maybe_recompile pc=0x0000012696129868 method=net.minecraftforge.srgutils.MappingFile.lambda$rename$23(Lnet/minecraftforge/srgutils/MappingFile;Lnet/minecraftforge/srgutils/IRenamer;Lnet/minecraftforge/srgutils/Mapp
Event: 23.489 Thread 0x00000126abe609c0 DEOPT PACKING pc=0x0000012696129868 sp=0x0000000be57f9af0
Event: 23.489 Thread 0x00000126abe609c0 DEOPT UNPACKING pc=0x00000126954c23a3 sp=0x0000000be57f9ab0 mode 2
Event: 23.607 Thread 0x00000126abe609c0 Uncommon trap: trap_request=0xffffffde fr.pc=0x0000012696152a30 relative=0x0000000000000210
Event: 23.607 Thread 0x00000126abe609c0 Uncommon trap: reason=class_check action=maybe_recompile pc=0x0000012696152a30 method=net.minecraftforge.srgutils.MappingFile$$Lambda$2212/0x0000000801782f78.compare(Ljava/lang/Object;Ljava/lang/Object;)I @ 1 c2
Event: 23.607 Thread 0x00000126abe609c0 DEOPT PACKING pc=0x0000012696152a30 sp=0x0000000be57f9540
Event: 23.607 Thread 0x00000126abe609c0 DEOPT UNPACKING pc=0x00000126954c23a3 sp=0x0000000be57f94c8 mode 2
Event: 23.607 Thread 0x00000126abe609c0 Uncommon trap: trap_request=0xffffffde fr.pc=0x0000012696152a30 relative=0x0000000000000210
Event: 23.607 Thread 0x00000126abe609c0 Uncommon trap: reason=class_check action=maybe_recompile pc=0x0000012696152a30 method=net.minecraftforge.srgutils.MappingFile$$Lambda$2212/0x0000000801782f78.compare(Ljava/lang/Object;Ljava/lang/Object;)I @ 1 c2
Event: 23.607 Thread 0x00000126abe609c0 DEOPT PACKING pc=0x0000012696152a30 sp=0x0000000be57f9540
Event: 23.607 Thread 0x00000126abe609c0 DEOPT UNPACKING pc=0x00000126954c23a3 sp=0x0000000be57f94c8 mode 2
Event: 23.607 Thread 0x00000126abe609c0 Uncommon trap: trap_request=0xffffffde fr.pc=0x0000012696152a30 relative=0x0000000000000210
Event: 23.607 Thread 0x00000126abe609c0 Uncommon trap: reason=class_check action=maybe_recompile pc=0x0000012696152a30 method=net.minecraftforge.srgutils.MappingFile$$Lambda$2212/0x0000000801782f78.compare(Ljava/lang/Object;Ljava/lang/Object;)I @ 1 c2
Event: 23.607 Thread 0x00000126abe609c0 DEOPT PACKING pc=0x0000012696152a30 sp=0x0000000be57f94f0
Event: 23.607 Thread 0x00000126abe609c0 DEOPT UNPACKING pc=0x00000126954c23a3 sp=0x0000000be57f9490 mode 2
Event: 23.607 Thread 0x00000126abe609c0 Uncommon trap: trap_request=0xffffffde fr.pc=0x0000012696152a30 relative=0x0000000000000210
Event: 23.607 Thread 0x00000126abe609c0 Uncommon trap: reason=class_check action=maybe_recompile pc=0x0000012696152a30 method=net.minecraftforge.srgutils.MappingFile$$Lambda$2212/0x0000000801782f78.compare(Ljava/lang/Object;Ljava/lang/Object;)I @ 1 c2
Event: 23.607 Thread 0x00000126abe609c0 DEOPT PACKING pc=0x0000012696152a30 sp=0x0000000be57f94f0
Event: 23.607 Thread 0x00000126abe609c0 DEOPT UNPACKING pc=0x00000126954c23a3 sp=0x0000000be57f9490 mode 2

Classes unloaded (2 events):
Event: 18.944 Thread 0x00000126a72feea0 Unloading class 0x000000080155c800 'java/lang/invoke/LambdaForm$DMH+0x000000080155c800'
Event: 18.944 Thread 0x00000126a72feea0 Unloading class 0x000000080155c400 'java/lang/invoke/LambdaForm$DMH+0x000000080155c400'

Classes redefined (0 events):
No events

Internal exceptions (20 events):
Event: 21.677 Thread 0x00000126a8d11bc0 Exception <a 'java/lang/ClassNotFoundException'{0x000000074e9b4fc0}: com/google/common/collect/ImmutableCollectionBeanInfo> (0x000000074e9b4fc0) 
thrown [s\open\src\hotspot\share\classfile\systemDictionary.cpp, line 256]
Event: 21.677 Thread 0x00000126a8d11bc0 Exception <a 'java/lang/ClassNotFoundException'{0x000000074e9bfef8}: com/google/common/collect/ImmutableCollectionCustomizer> (0x000000074e9bfef8) 
thrown [s\open\src\hotspot\share\classfile\systemDictionary.cpp, line 256]
Event: 21.678 Thread 0x00000126a8d11bc0 Exception <a 'java/lang/ClassNotFoundException'{0x000000074e9d97b8}: com/google/common/collect/ImmutableListCustomizer> (0x000000074e9d97b8) 
thrown [s\open\src\hotspot\share\classfile\systemDictionary.cpp, line 256]
Event: 21.679 Thread 0x00000126a8d11bc0 Exception <a 'java/lang/ClassNotFoundException'{0x000000074e6196b8}: com/google/common/collect/RegularImmutableListCustomizer> (0x000000074e6196b8) 
thrown [s\open\src\hotspot\share\classfile\systemDictionary.cpp, line 256]
Event: 21.688 Thread 0x00000126a8d11bc0 Exception <a 'java/lang/ClassNotFoundException'{0x000000074e68b0d8}: GradleTasksUtilBeanInfo> (0x000000074e68b0d8) 
thrown [s\open\src\hotspot\share\classfile\systemDictionary.cpp, line 256]
Event: 21.689 Thread 0x00000126a8d11bc0 Exception <a 'java/lang/ClassNotFoundException'{0x000000074e6967a8}: GradleTasksUtilCustomizer> (0x000000074e6967a8) 
thrown [s\open\src\hotspot\share\classfile\systemDictionary.cpp, line 256]
Event: 21.699 Thread 0x00000126a8d11bc0 Exception <a 'java/lang/ClassNotFoundException'{0x000000074e6e1260}: org/gradle/api/internal/StartParameterInternalBeanInfo> (0x000000074e6e1260) 
thrown [s\open\src\hotspot\share\classfile\systemDictionary.cpp, line 256]
Event: 21.699 Thread 0x00000126a8d11bc0 Exception <a 'java/lang/ClassNotFoundException'{0x000000074e6ebb78}: org/gradle/StartParameterBeanInfo> (0x000000074e6ebb78) 
thrown [s\open\src\hotspot\share\classfile\systemDictionary.cpp, line 256]
Event: 21.700 Thread 0x00000126a8d11bc0 Exception <a 'java/lang/ClassNotFoundException'{0x000000074e6f6478}: org/gradle/StartParameterCustomizer> (0x000000074e6f6478) 
thrown [s\open\src\hotspot\share\classfile\systemDictionary.cpp, line 256]
Event: 21.702 Thread 0x00000126a8d11bc0 Exception <a 'java/lang/ClassNotFoundException'{0x000000074e74a328}: org/gradle/api/internal/StartParameterInternalCustomizer> (0x000000074e74a328) 
thrown [s\open\src\hotspot\share\classfile\systemDictionary.cpp, line 256]
Event: 21.742 Thread 0x00000126a8d11bc0 Exception <a 'java/lang/ClassNotFoundException'{0x000000074e484788}: java/util/TreeSetBeanInfo> (0x000000074e484788) 
thrown [s\open\src\hotspot\share\classfile\systemDictionary.cpp, line 256]
Event: 21.742 Thread 0x00000126a8d11bc0 Exception <a 'java/lang/ClassNotFoundException'{0x000000074e48a578}: java/util/TreeSetCustomizer> (0x000000074e48a578) 
thrown [s\open\src\hotspot\share\classfile\systemDictionary.cpp, line 256]
Event: 21.784 Thread 0x00000126abe609c0 Exception <a 'java/lang/NoSuchMethodError'{0x000000074e31aa98}: 'void java.lang.invoke.DirectMethodHandle$Holder.invokeInterface(java.lang.Object, java.lang.Object, java.lang.Object, java.lang.Object)'> (0x000000074e31aa98) 
thrown [s\open\src\hotspot\share\interpreter\linkResolver.cpp, line 759]
Event: 21.790 Thread 0x00000126b1751910 Exception <a 'java/lang/NoSuchMethodError'{0x000000074e366618}: static Lorg/gradle/internal/build/event/types/DefaultBinaryPluginIdentifier;.<clinit>()V> (0x000000074e366618) 
thrown [s\open\src\hotspot\share\prims\jni.cpp, line 1107]
Event: 21.822 Thread 0x00000126abe609c0 Exception <a 'java/lang/IncompatibleClassChangeError'{0x000000074e1039f8}: Found class java.lang.Object, but interface was expected> (0x000000074e1039f8) 
thrown [s\open\src\hotspot\share\interpreter\linkResolver.cpp, line 826]
Event: 21.883 Thread 0x00000126b1751910 Exception <a 'java/lang/NoSuchMethodError'{0x000000074dc01498}: static [Ljava/lang/Object;.<clinit>()V> (0x000000074dc01498) 
thrown [s\open\src\hotspot\share\prims\jni.cpp, line 1107]
Event: 21.907 Thread 0x00000126abe5c660 Exception <a 'java/lang/NoSuchMethodError'{0x000000074dd34078}: 'int java.lang.invoke.DirectMethodHandle$Holder.invokeStaticInit(java.lang.Object, java.lang.Object, java.lang.Object, java.lang.Object, java.lang.Object)'> (0x000000074dd34078) 
thrown [s\open\src\hotspot\share\interpreter\linkResolver.cpp, line 759]
Event: 22.201 Thread 0x00000126abe609c0 Exception <a 'java/lang/NoSuchMethodError'{0x00000007609902c8}: 'void java.lang.invoke.DirectMethodHandle$Holder.invokeStatic(java.lang.Object, java.lang.Object, int, int, java.lang.Object)'> (0x00000007609902c8) 
thrown [s\open\src\hotspot\share\interpreter\linkResolver.cpp, line 759]
Event: 23.381 Thread 0x00000126abe609c0 Exception <a 'java/lang/NoSuchMethodError'{0x0000000762aa12f0}: 'java.lang.Object java.lang.invoke.DirectMethodHandle$Holder.newInvokeSpecial(java.lang.Object, java.lang.Object, java.lang.Object, int, java.lang.Object)'> (0x0000000762aa12f0) 
thrown [s\open\src\hotspot\share\interpreter\linkResolver.cpp, line 759]
Event: 23.381 Thread 0x00000126abe609c0 Exception <a 'java/lang/NoSuchMethodError'{0x0000000762aa5a80}: 'java.lang.Object java.lang.invoke.Invokers$Holder.linkToTargetMethod(java.lang.Object, java.lang.Object, int, java.lang.Object, java.lang.Object)'> (0x0000000762aa5a80) 
thrown [s\open\src\hotspot\share\interpreter\linkResolver.cpp, line 759]

VM Operations (20 events):
Event: 21.976 Executing VM operation: G1CollectForAllocation done
Event: 22.100 Executing VM operation: G1CollectForAllocation
Event: 22.111 Executing VM operation: G1CollectForAllocation done
Event: 22.141 Executing VM operation: G1CollectForAllocation
Event: 22.151 Executing VM operation: G1CollectForAllocation done
Event: 22.830 Executing VM operation: G1CollectForAllocation
Event: 22.881 Executing VM operation: G1CollectForAllocation done
Event: 23.145 Executing VM operation: G1CollectForAllocation
Event: 23.167 Executing VM operation: G1CollectForAllocation done
Event: 23.289 Executing VM operation: G1Concurrent
Event: 23.292 Executing VM operation: G1Concurrent done
Event: 23.338 Executing VM operation: G1Concurrent
Event: 23.338 Executing VM operation: G1Concurrent done
Event: 23.388 Executing VM operation: G1CollectForAllocation
Event: 23.401 Executing VM operation: G1CollectForAllocation done
Event: 23.421 Executing VM operation: G1CollectForAllocation
Event: 23.429 Executing VM operation: G1CollectForAllocation done
Event: 23.488 Executing VM operation: HandshakeAllThreads
Event: 23.488 Executing VM operation: HandshakeAllThreads done
Event: 23.743 Executing VM operation: G1CollectForAllocation

Events (20 events):
Event: 21.772 Thread 0x00000126afcd62e0 Thread added: 0x00000126afcd62e0
Event: 21.772 Thread 0x00000126afcd6c80 Thread added: 0x00000126afcd6c80
Event: 21.773 Thread 0x00000126afcd4fa0 Thread added: 0x00000126afcd4fa0
Event: 21.773 Thread 0x00000126afccf900 Thread added: 0x00000126afccf900
Event: 21.773 Thread 0x00000126afcd32c0 Thread added: 0x00000126afcd32c0
Event: 21.786 Thread 0x00000126afcd0c40 Thread added: 0x00000126afcd0c40
Event: 21.925 loading class java/io/BufferedReader$1
Event: 21.925 loading class java/io/BufferedReader$1 done
Event: 22.909 Thread 0x00000126acba7b90 Thread exited: 0x00000126acba7b90
Event: 22.909 Thread 0x00000126acba7680 Thread exited: 0x00000126acba7680
Event: 23.002 Thread 0x00000126acba7b90 Thread added: 0x00000126acba7b90
Event: 23.002 Thread 0x00000126acba80a0 Thread added: 0x00000126acba80a0
Event: 23.259 Thread 0x00000126acba80a0 Thread exited: 0x00000126acba80a0
Event: 23.370 loading class java/util/regex/Pattern$Neg
Event: 23.370 loading class java/util/regex/Pattern$Neg done
Event: 23.370 Thread 0x00000126acba7b90 Thread exited: 0x00000126acba7b90
Event: 23.370 loading class java/util/regex/Pattern$Bound
Event: 23.370 loading class java/util/regex/Pattern$Bound done
Event: 23.429 Thread 0x00000126acba7170 Thread added: 0x00000126acba7170
Event: 23.429 Thread 0x00000126acba8ac0 Thread added: 0x00000126acba8ac0


Dynamic libraries:
0x00007ff65e880000 - 0x00007ff65e890000 	C:\Program Files\Java\jdk-17\bin\java.exe
0x00007fff4ef50000 - 0x00007fff4f167000 	C:\windows\SYSTEM32\ntdll.dll
0x00007fff4db40000 - 0x00007fff4dc04000 	C:\windows\System32\KERNEL32.DLL
0x00007fff4c7a0000 - 0x00007fff4cb57000 	C:\windows\System32\KERNELBASE.dll
0x00007fff4c5e0000 - 0x00007fff4c6f1000 	C:\windows\System32\ucrtbase.dll
0x00007fff3c2f0000 - 0x00007fff3c30b000 	C:\Program Files\Java\jdk-17\bin\VCRUNTIME140.dll
0x00007fff3c170000 - 0x00007fff3c189000 	C:\Program Files\Java\jdk-17\bin\jli.dll
0x00007fff4d230000 - 0x00007fff4d2e2000 	C:\windows\System32\ADVAPI32.dll
0x00007fff4ead0000 - 0x00007fff4eb77000 	C:\windows\System32\msvcrt.dll
0x00007fff4ea00000 - 0x00007fff4eaa8000 	C:\windows\System32\sechost.dll
0x00007fff4c2d0000 - 0x00007fff4c2f8000 	C:\windows\System32\bcrypt.dll
0x00007fff4d7d0000 - 0x00007fff4d8e4000 	C:\windows\System32\RPCRT4.dll
0x00007fff4d620000 - 0x00007fff4d7cf000 	C:\windows\System32\USER32.dll
0x00007fff4c380000 - 0x00007fff4c3a6000 	C:\windows\System32\win32u.dll
0x00007fff4dc10000 - 0x00007fff4dc39000 	C:\windows\System32\GDI32.dll
0x00007fff4cb60000 - 0x00007fff4cc78000 	C:\windows\System32\gdi32full.dll
0x00007fff4c700000 - 0x00007fff4c79a000 	C:\windows\System32\msvcp_win.dll
0x00007fff41e30000 - 0x00007fff420c3000 	C:\windows\WinSxS\amd64_microsoft.windows.common-controls_6595b64144ccf1df_6.0.22621.3672_none_2713b9d173822955\COMCTL32.dll
0x00007fff45ab0000 - 0x00007fff45aba000 	C:\windows\SYSTEM32\VERSION.dll
0x00007fff4d8f0000 - 0x00007fff4d921000 	C:\windows\System32\IMM32.DLL
0x00007fff48fc0000 - 0x00007fff48fcc000 	C:\Program Files\Java\jdk-17\bin\vcruntime140_1.dll
0x00007fff1ed50000 - 0x00007fff1edde000 	C:\Program Files\Java\jdk-17\bin\msvcp140.dll
0x00007ffed3e10000 - 0x00007ffed49ed000 	C:\Program Files\Java\jdk-17\bin\server\jvm.dll
0x00007fff4d590000 - 0x00007fff4d598000 	C:\windows\System32\PSAPI.DLL
0x00007fff42840000 - 0x00007fff42874000 	C:\windows\SYSTEM32\WINMM.dll
0x00007fff45a50000 - 0x00007fff45a59000 	C:\windows\SYSTEM32\WSOCK32.dll
0x00007fff4d510000 - 0x00007fff4d581000 	C:\windows\System32\WS2_32.dll
0x00007fff4b2b0000 - 0x00007fff4b2c8000 	C:\windows\SYSTEM32\kernel.appcore.dll
0x00007fff3c2e0000 - 0x00007fff3c2ea000 	C:\Program Files\Java\jdk-17\bin\jimage.dll
0x00007fff46940000 - 0x00007fff46b72000 	C:\windows\SYSTEM32\DBGHELP.DLL
0x00007fff4eb80000 - 0x00007fff4ef0e000 	C:\windows\System32\combase.dll
0x00007fff4d100000 - 0x00007fff4d1d7000 	C:\windows\System32\OLEAUT32.dll
0x00007fff3bf00000 - 0x00007fff3bf32000 	C:\windows\SYSTEM32\dbgcore.DLL
0x00007fff4c300000 - 0x00007fff4c37b000 	C:\windows\System32\bcryptPrimitives.dll
0x00007fff3c1b0000 - 0x00007fff3c1be000 	C:\Program Files\Java\jdk-17\bin\instrument.dll
0x00007fff379c0000 - 0x00007fff379e5000 	C:\Program Files\Java\jdk-17\bin\java.dll
0x00007fff19630000 - 0x00007fff19707000 	C:\Program Files\Java\jdk-17\bin\jsvml.dll
0x00007fff4e190000 - 0x00007fff4e9f9000 	C:\windows\System32\SHELL32.dll
0x00007fff4a1d0000 - 0x00007fff4aacf000 	C:\windows\SYSTEM32\windows.storage.dll
0x00007fff4a090000 - 0x00007fff4a1cf000 	C:\windows\SYSTEM32\wintypes.dll
0x00007fff4dc40000 - 0x00007fff4dd39000 	C:\windows\System32\SHCORE.dll
0x00007fff4df00000 - 0x00007fff4df5e000 	C:\windows\System32\shlwapi.dll
0x00007fff4c190000 - 0x00007fff4c1b7000 	C:\windows\SYSTEM32\profapi.dll
0x00007fff31b90000 - 0x00007fff31ba8000 	C:\Program Files\Java\jdk-17\bin\zip.dll
0x00007fff22af0000 - 0x00007fff22b09000 	C:\Program Files\Java\jdk-17\bin\net.dll
0x00007fff464f0000 - 0x00007fff46626000 	C:\windows\SYSTEM32\WINHTTP.dll
0x00007fff4b720000 - 0x00007fff4b789000 	C:\windows\system32\mswsock.dll
0x00007fff22ad0000 - 0x00007fff22ae6000 	C:\Program Files\Java\jdk-17\bin\nio.dll
0x00007fff3c160000 - 0x00007fff3c170000 	C:\Program Files\Java\jdk-17\bin\verify.dll
0x00007fff48fd0000 - 0x00007fff48ff7000 	C:\Users\Admin\.gradle\native\c067742578af261105cb4f569cf0c3c89f3d7b1fecec35dd04571415982c5e48\windows-amd64\native-platform.dll
0x00007fff166b0000 - 0x00007fff167f4000 	C:\Users\Admin\.gradle\native\100fb08df4bc3b14c8652ba06237920a3bd2aa13389f12d3474272988ae205f9\windows-amd64\native-platform-file-events.dll
0x00007fff31b80000 - 0x00007fff31b8a000 	C:\Program Files\Java\jdk-17\bin\management.dll
0x00007fff2ac00000 - 0x00007fff2ac0b000 	C:\Program Files\Java\jdk-17\bin\management_ext.dll
0x00007fff4b970000 - 0x00007fff4b98b000 	C:\windows\SYSTEM32\CRYPTSP.dll
0x00007fff4b210000 - 0x00007fff4b245000 	C:\windows\system32\rsaenh.dll
0x00007fff4b810000 - 0x00007fff4b838000 	C:\windows\SYSTEM32\USERENV.dll
0x00007fff4bec0000 - 0x00007fff4becc000 	C:\windows\SYSTEM32\CRYPTBASE.dll
0x00007fff4ad30000 - 0x00007fff4ad5d000 	C:\windows\SYSTEM32\IPHLPAPI.DLL
0x00007fff4def0000 - 0x00007fff4def9000 	C:\windows\System32\NSI.dll
0x00007fff46430000 - 0x00007fff46449000 	C:\windows\SYSTEM32\dhcpcsvc6.DLL
0x00007fff46410000 - 0x00007fff4642f000 	C:\windows\SYSTEM32\dhcpcsvc.DLL
0x00007fff4ada0000 - 0x00007fff4aea2000 	C:\windows\SYSTEM32\DNSAPI.dll
0x00007fff2abf0000 - 0x00007fff2abfd000 	C:\Program Files\Java\jdk-17\bin\sunmscapi.dll
0x00007fff4c470000 - 0x00007fff4c5d6000 	C:\windows\System32\CRYPT32.dll
0x00007fff4bb90000 - 0x00007fff4bbbd000 	C:\windows\SYSTEM32\ncrypt.dll
0x00007fff4bae0000 - 0x00007fff4bb17000 	C:\windows\SYSTEM32\NTASN1.dll
0x00007fff3c530000 - 0x00007fff3c538000 	C:\windows\system32\wshunix.dll
0x00007fff458d0000 - 0x00007fff458da000 	C:\Windows\System32\rasadhlp.dll
0x00007fff45d00000 - 0x00007fff45d83000 	C:\windows\System32\fwpuclnt.dll

dbghelp: loaded successfully - version: 4.0.5 - missing functions: none
symbol engine: initialized successfully - sym options: 0x614 - pdb path: .;C:\Program Files\Java\jdk-17\bin;C:\windows\SYSTEM32;C:\windows\WinSxS\amd64_microsoft.windows.common-controls_6595b64144ccf1df_6.0.22621.3672_none_2713b9d173822955;C:\Program Files\Java\jdk-17\bin\server;C:\Users\Admin\.gradle\native\c067742578af261105cb4f569cf0c3c89f3d7b1fecec35dd04571415982c5e48\windows-amd64;C:\Users\Admin\.gradle\native\100fb08df4bc3b14c8652ba06237920a3bd2aa13389f12d3474272988ae205f9\windows-amd64

VM Arguments:
jvm_args: --add-opens=java.base/java.util=ALL-UNNAMED --add-opens=java.base/java.lang=ALL-UNNAMED --add-opens=java.base/java.lang.invoke=ALL-UNNAMED --add-opens=java.prefs/java.util.prefs=ALL-UNNAMED --add-opens=java.base/java.nio.charset=ALL-UNNAMED --add-opens=java.base/java.net=ALL-UNNAMED --add-opens=java.base/java.util.concurrent.atomic=ALL-UNNAMED -Xmx3G -Dfile.encoding=UTF-8 -Duser.country=US -Duser.language=en -Duser.variant -javaagent:C:\Users\Admin\.gradle\wrapper\dists\gradle-8.8-bin\dl7vupf4psengwqhwktix4v1\gradle-8.8\lib\agents\gradle-instrumentation-agent-8.8.jar 
java_command: org.gradle.launcher.daemon.bootstrap.GradleDaemon 8.8
java_class_path (initial): C:\Users\Admin\.gradle\wrapper\dists\gradle-8.8-bin\dl7vupf4psengwqhwktix4v1\gradle-8.8\lib\gradle-launcher-8.8.jar
Launcher Type: SUN_STANDARD

[Global flags]
     intx CICompilerCount                          = 4                                         {product} {ergonomic}
     uint ConcGCThreads                            = 3                                         {product} {ergonomic}
     uint G1ConcRefinementThreads                  = 10                                        {product} {ergonomic}
   size_t G1HeapRegionSize                         = 2097152                                   {product} {ergonomic}
    uintx GCDrainStackTargetSize                   = 64                                        {product} {ergonomic}
   size_t InitialHeapSize                          = 260046848                                 {product} {ergonomic}
   size_t MarkStackSize                            = 4194304                                   {product} {ergonomic}
   size_t MaxHeapSize                              = 3221225472                                {product} {command line}
   size_t MaxNewSize                               = 1931476992                                {product} {ergonomic}
   size_t MinHeapDeltaBytes                        = 2097152                                   {product} {ergonomic}
   size_t MinHeapSize                              = 8388608                                   {product} {ergonomic}
    uintx NonNMethodCodeHeapSize                   = 5839372                                {pd product} {ergonomic}
    uintx NonProfiledCodeHeapSize                  = 122909434                              {pd product} {ergonomic}
    uintx ProfiledCodeHeapSize                     = 122909434                              {pd product} {ergonomic}
    uintx ReservedCodeCacheSize                    = 251658240                              {pd product} {ergonomic}
     bool SegmentedCodeCache                       = true                                      {product} {ergonomic}
   size_t SoftMaxHeapSize                          = 3221225472                             {manageable} {ergonomic}
     bool UseCompressedClassPointers               = true                           {product lp64_product} {ergonomic}
     bool UseCompressedOops                        = true                           {product lp64_product} {ergonomic}
     bool UseG1GC                                  = true                                      {product} {ergonomic}
     bool UseLargePagesIndividualAllocation        = false                                  {pd product} {ergonomic}

Logging:
Log output configuration:
 #0: stdout all=warning uptime,level,tags
 #1: stderr all=off uptime,level,tags

Environment Variables:
PATH=C:\Program Files\Java\jdk-17\bin;C:\Program Files\Common Files\Oracle\Java\javapath;C:\Program Files (x86)\Common Files\Oracle\Java\java8path;C:\Program Files (x86)\Common Files\Oracle\Java\javapath;C:\windows\system32;C:\windows;C:\windows\System32\Wbem;C:\windows\System32\WindowsPowerShell\v1.0\;C:\windows\System32\OpenSSH\;C:\Program Files\Git\cmd;C:\Users\Admin\AppData\Local\Microsoft\WindowsApps;C:\Users\Admin\AppData\Local\Programs\Microsoft VS Code\bin;C:\Users\Admin\AppData\Local\GitHubDesktop\bin
USERNAME=Admin
OS=Windows_NT
PROCESSOR_IDENTIFIER=AMD64 Family 25 Model 80 Stepping 0, AuthenticAMD



---------------  S Y S T E M  ---------------

OS:
 Windows 11 , 64 bit Build 22621 (10.0.22621.3958)
OS uptime: 7 days 14:55 hours

CPU: total 12 (initial active 12) (12 cores per cpu, 2 threads per core) family 25 model 80 stepping 0 microcode 0x0, cx8, cmov, fxsr, ht, mmx, 3dnowpref, sse, sse2, sse3, ssse3, sse4a, sse4.1, sse4.2, popcnt, lzcnt, tsc, tscinvbit, avx, avx2, aes, erms, clmul, bmi1, bmi2, adx, sha, fma, vzeroupper, clflush, clflushopt

Memory: 4k page, system-wide physical 15762M (1212M free)
TotalPageFile size 23954M (AvailPageFile size 484M)
current process WorkingSet (physical memory assigned to process): 882M, peak: 885M
current process commit charge ("private bytes"): 972M, peak: 1637M

vm_info: Java HotSpot(TM) 64-Bit Server VM (17.0.7+8-LTS-224) for windows-amd64 JRE (17.0.7+8-LTS-224), built on Feb 28 2023 23:03:02 by "mach5one" with MS VC++ 17.1 (VS2022)

END.
